NPI,Login_Hour,Login_Day,Duration,Doctor_Avg_Login,Doctor_Std_Login,Doctor_Avg_Duration,Doctor_Max_Duration,Doctor_Speciality,Doctor_Region
1000000000,6.15,8,19.0,6.15,0.0,19.0,19.0,Cardiology,Northeast
1000000658,7.716666666666667,8,105.0,7.716666666666667,0.0,105.0,105.0,Radiology,Midwest
1000000659,20.066666666666666,8,66.0,20.066666666666666,0.0,66.0,66.0,Pediatrics,West
1000000660,19.733333333333334,8,63.0,19.733333333333334,0.0,63.0,63.0,Radiology,West
1000000661,20.6,8,60.0,20.6,0.0,60.0,60.0,Neurology,South
1000000662,8.616666666666667,8,90.0,8.616666666666667,0.0,90.0,90.0,Cardiology,Midwest
1000000663,20.383333333333333,8,62.0,20.383333333333333,0.0,62.0,62.0,Oncology,Midwest
1000000664,18.733333333333334,8,23.0,18.733333333333334,0.0,23.0,23.0,General Practice,West
1000000665,19.816666666666666,8,80.0,19.816666666666666,0.0,80.0,80.0,Pediatrics,South
1000000666,13.833333333333334,8,63.0,13.833333333333334,0.0,63.0,63.0,General Practice,South
1000000667,13.3,8,65.0,13.3,0.0,65.0,65.0,Radiology,Northeast
1000000668,8.933333333333334,8,106.0,8.933333333333334,0.0,106.0,106.0,Cardiology,South
1000000669,12.683333333333334,8,76.0,12.683333333333334,0.0,76.0,76.0,Pediatrics,West
1000000670,9.466666666666667,8,81.0,9.466666666666667,0.0,81.0,81.0,Cardiology,Northeast
1000000671,9.45,8,49.0,9.45,0.0,49.0,49.0,Orthopedics,Midwest
1000000672,16.766666666666666,8,31.0,16.766666666666666,0.0,31.0,31.0,Pediatrics,West
1000000673,13.516666666666667,8,19.0,13.516666666666667,0.0,19.0,19.0,General Practice,Midwest
1000000674,19.566666666666666,8,11.0,19.566666666666666,0.0,11.0,11.0,Cardiology,Midwest
1000000675,9.366666666666667,8,15.0,9.366666666666667,0.0,15.0,15.0,Radiology,West
1000000676,16.516666666666666,8,67.0,16.516666666666666,0.0,67.0,67.0,Cardiology,Northeast
1000000677,20.6,8,89.0,20.6,0.0,89.0,89.0,General Practice,South
1000000678,19.45,8,86.0,19.45,0.0,86.0,86.0,Pediatrics,Midwest
1000000679,16.016666666666666,8,67.0,16.016666666666666,0.0,67.0,67.0,Oncology,West
1000000680,14.866666666666667,8,87.0,14.866666666666667,0.0,87.0,87.0,General Practice,West
1000000681,10.366666666666667,8,55.0,10.366666666666667,0.0,55.0,55.0,Neurology,West
1000000682,7.683333333333334,8,26.0,7.683333333333334,0.0,26.0,26.0,Radiology,West
1000000683,17.533333333333335,8,96.0,17.533333333333335,0.0,96.0,96.0,Cardiology,Northeast
1000000684,6.066666666666666,8,62.0,6.066666666666666,0.0,62.0,62.0,Pediatrics,Midwest
1000000657,20.75,8,99.0,20.75,0.0,99.0,99.0,Cardiology,Northeast
1000000685,17.55,8,35.0,17.55,0.0,35.0,35.0,Oncology,Northeast
1000000656,7.35,8,26.0,7.35,0.0,26.0,26.0,Pediatrics,Northeast
1000000654,6.8,8,103.0,6.8,0.0,103.0,103.0,General Practice,Northeast
1000000627,19.066666666666666,8,90.0,19.066666666666666,0.0,90.0,90.0,Radiology,Midwest
1000000628,11.516666666666667,8,94.0,11.516666666666667,0.0,94.0,94.0,Radiology,Midwest
1000000629,8.35,8,110.0,8.35,0.0,110.0,110.0,Pediatrics,West
1000000630,10.783333333333333,8,104.0,10.783333333333333,0.0,104.0,104.0,Neurology,West
1000000631,13.483333333333333,8,10.0,13.483333333333333,0.0,10.0,10.0,General Practice,West
1000000632,12.616666666666667,8,74.0,12.616666666666667,0.0,74.0,74.0,Oncology,South
1000000633,6.366666666666666,8,11.0,6.366666666666666,0.0,11.0,11.0,Cardiology,West
1000000634,19.583333333333332,8,89.0,19.583333333333332,0.0,89.0,89.0,General Practice,Midwest
1000000635,10.45,8,63.0,10.45,0.0,63.0,63.0,Neurology,Midwest
1000000636,7.65,8,99.0,7.65,0.0,99.0,99.0,Cardiology,Northeast
1000000637,8.083333333333334,8,29.0,8.083333333333334,0.0,29.0,29.0,Radiology,Northeast
1000000638,7.266666666666667,8,62.0,7.266666666666667,0.0,62.0,62.0,Radiology,Midwest
1000000639,12.966666666666667,8,96.0,12.966666666666667,0.0,96.0,96.0,Pediatrics,West
1000000640,13.533333333333333,8,49.0,13.533333333333333,0.0,49.0,49.0,Radiology,West
1000000641,6.783333333333333,8,37.0,6.783333333333333,0.0,37.0,37.0,Cardiology,South
1000000642,7.683333333333334,8,16.0,7.683333333333334,0.0,16.0,16.0,Cardiology,South
1000000643,20.433333333333334,8,112.0,20.433333333333334,0.0,112.0,112.0,Pediatrics,South
1000000644,19.266666666666666,8,69.0,19.266666666666666,0.0,69.0,69.0,General Practice,Northeast
1000000645,9.066666666666666,8,6.0,9.066666666666666,0.0,6.0,6.0,Pediatrics,Midwest
1000000646,11.983333333333333,8,87.0,11.983333333333333,0.0,87.0,87.0,Pediatrics,West
1000000647,13.033333333333333,8,34.0,13.033333333333333,0.0,34.0,34.0,General Practice,West
1000000648,11.7,8,36.0,11.7,0.0,36.0,36.0,General Practice,Midwest
1000000649,13.15,8,47.0,13.15,0.0,47.0,47.0,Oncology,South
1000000650,19.85,8,27.0,19.85,0.0,27.0,27.0,Oncology,West
1000000651,19.65,8,105.0,19.65,0.0,105.0,105.0,Oncology,Midwest
1000000652,7.383333333333334,8,91.0,7.383333333333334,0.0,91.0,91.0,General Practice,South
1000000653,20.916666666666668,8,105.0,20.916666666666668,0.0,105.0,105.0,General Practice,Midwest
1000000655,19.55,8,70.0,19.55,0.0,70.0,70.0,Neurology,Midwest
1000000686,18.583333333333332,8,114.0,18.583333333333332,0.0,114.0,114.0,Radiology,South
1000000687,8.566666666666666,8,61.0,8.566666666666666,0.0,61.0,61.0,Pediatrics,Midwest
1000000688,17.816666666666666,8,53.0,17.816666666666666,0.0,53.0,53.0,Neurology,West
1000000721,7.25,8,111.0,7.25,0.0,111.0,111.0,Oncology,West
1000000722,8.933333333333334,8,67.0,8.933333333333334,0.0,67.0,67.0,Orthopedics,Midwest
1000000723,18.0,8,75.0,18.0,0.0,75.0,75.0,Cardiology,West
1000000724,16.866666666666667,8,101.0,16.866666666666667,0.0,101.0,101.0,Pediatrics,Northeast
1000000725,8.816666666666666,8,35.0,8.816666666666666,0.0,35.0,35.0,General Practice,South
1000000726,9.316666666666666,8,36.0,9.316666666666666,0.0,36.0,36.0,General Practice,Northeast
1000000727,9.95,8,47.0,9.95,0.0,47.0,47.0,Pediatrics,Midwest
1000000728,6.8,8,68.0,6.8,0.0,68.0,68.0,General Practice,South
1000000729,17.066666666666666,8,88.0,17.066666666666666,0.0,88.0,88.0,General Practice,Midwest
1000000730,11.783333333333333,8,99.0,11.783333333333333,0.0,99.0,99.0,Pediatrics,Midwest
1000000731,17.4,8,120.0,17.4,0.0,120.0,120.0,General Practice,South
1000000732,18.483333333333334,8,39.0,18.483333333333334,0.0,39.0,39.0,Oncology,South
1000000733,20.266666666666666,8,36.0,20.266666666666666,0.0,36.0,36.0,Oncology,Northeast
1000000734,20.583333333333332,8,48.0,20.583333333333332,0.0,48.0,48.0,Cardiology,Northeast
1000000735,20.5,8,5.0,20.5,0.0,5.0,5.0,Oncology,Midwest
1000000736,6.15,8,52.0,6.15,0.0,52.0,52.0,General Practice,Northeast
1000000737,10.85,8,50.0,10.85,0.0,50.0,50.0,Cardiology,Northeast
1000000738,9.383333333333333,8,85.0,9.383333333333333,0.0,85.0,85.0,Pediatrics,Northeast
1000000739,6.9,8,51.0,6.9,0.0,51.0,51.0,Neurology,Midwest
1000000740,16.716666666666665,8,86.0,16.716666666666665,0.0,86.0,86.0,Cardiology,West
1000000741,8.75,8,58.0,8.75,0.0,58.0,58.0,Neurology,Northeast
1000000742,6.533333333333333,8,109.0,6.533333333333333,0.0,109.0,109.0,General Practice,West
1000000743,18.833333333333332,8,52.0,18.833333333333332,0.0,52.0,52.0,Radiology,Northeast
1000000744,18.266666666666666,8,77.0,18.266666666666666,0.0,77.0,77.0,Neurology,Northeast
1000000745,12.683333333333334,8,95.0,12.683333333333334,0.0,95.0,95.0,Neurology,Northeast
1000000746,20.933333333333334,8,44.0,20.933333333333334,0.0,44.0,44.0,General Practice,Midwest
1000000747,9.366666666666667,8,32.0,9.366666666666667,0.0,32.0,32.0,Orthopedics,Midwest
1000000720,12.616666666666667,8,59.0,12.616666666666667,0.0,59.0,59.0,Orthopedics,Midwest
1000000719,9.0,8,75.0,9.0,0.0,75.0,75.0,Neurology,South
1000000718,11.583333333333334,8,76.0,11.583333333333334,0.0,76.0,76.0,Orthopedics,West
1000000717,17.766666666666666,8,93.0,17.766666666666666,0.0,93.0,93.0,Oncology,Northeast
1000000689,8.783333333333333,8,25.0,8.783333333333333,0.0,25.0,25.0,Cardiology,West
1000000690,18.466666666666665,8,54.0,18.466666666666665,0.0,54.0,54.0,Pediatrics,Midwest
1000000691,7.766666666666667,8,24.0,7.766666666666667,0.0,24.0,24.0,Neurology,South
1000000692,15.416666666666666,8,76.0,15.416666666666666,0.0,76.0,76.0,Neurology,Midwest
1000000693,14.133333333333333,8,39.0,14.133333333333333,0.0,39.0,39.0,Cardiology,Northeast
1000000694,11.6,8,74.0,11.6,0.0,74.0,74.0,General Practice,Northeast
1000000695,16.583333333333332,8,25.0,16.583333333333332,0.0,25.0,25.0,Neurology,West
1000000696,17.216666666666665,8,110.0,17.216666666666665,0.0,110.0,110.0,Oncology,South
1000000697,9.916666666666666,8,30.0,9.916666666666666,0.0,30.0,30.0,Orthopedics,South
1000000698,12.75,8,35.0,12.75,0.0,35.0,35.0,Orthopedics,Midwest
1000000699,17.083333333333332,8,103.0,17.083333333333332,0.0,103.0,103.0,Pediatrics,South
1000000700,10.633333333333333,8,104.0,10.633333333333333,0.0,104.0,104.0,Cardiology,South
1000000701,18.483333333333334,8,68.0,18.483333333333334,0.0,68.0,68.0,Neurology,West
1000000626,16.766666666666666,8,104.0,16.766666666666666,0.0,104.0,104.0,Cardiology,Midwest
1000000702,10.0,8,111.0,10.0,0.0,111.0,111.0,Orthopedics,Northeast
1000000704,12.116666666666667,8,88.0,12.116666666666667,0.0,88.0,88.0,Neurology,Northeast
1000000705,20.233333333333334,8,116.0,20.233333333333334,0.0,116.0,116.0,Orthopedics,West
1000000706,10.866666666666667,8,47.0,10.866666666666667,0.0,47.0,47.0,Radiology,Midwest
1000000707,17.733333333333334,8,105.0,17.733333333333334,0.0,105.0,105.0,General Practice,Midwest
1000000708,12.466666666666667,8,41.0,12.466666666666667,0.0,41.0,41.0,Radiology,Midwest
1000000709,15.683333333333334,8,60.0,15.683333333333334,0.0,60.0,60.0,Orthopedics,Midwest
1000000710,13.733333333333333,8,43.0,13.733333333333333,0.0,43.0,43.0,Neurology,South
1000000711,20.15,8,86.0,20.15,0.0,86.0,86.0,Pediatrics,West
1000000712,19.3,8,71.0,19.3,0.0,71.0,71.0,Radiology,Northeast
1000000713,18.816666666666666,8,20.0,18.816666666666666,0.0,20.0,20.0,Neurology,Midwest
1000000714,17.216666666666665,8,7.0,17.216666666666665,0.0,7.0,7.0,Pediatrics,Northeast
1000000715,18.183333333333334,8,8.0,18.183333333333334,0.0,8.0,8.0,Neurology,West
1000000716,16.933333333333334,8,117.0,16.933333333333334,0.0,117.0,117.0,Pediatrics,Northeast
1000000703,15.566666666666666,8,5.0,15.566666666666666,0.0,5.0,5.0,Oncology,Midwest
1000000748,19.383333333333333,8,70.0,19.383333333333333,0.0,70.0,70.0,General Practice,West
1000000625,12.216666666666667,8,74.0,12.216666666666667,0.0,74.0,74.0,Pediatrics,South
1000000623,14.9,8,49.0,14.9,0.0,49.0,49.0,Oncology,West
1000000533,11.683333333333334,8,89.0,11.683333333333334,0.0,89.0,89.0,Orthopedics,West
1000000534,14.233333333333333,8,81.0,14.233333333333333,0.0,81.0,81.0,Pediatrics,South
1000000535,12.616666666666667,8,115.0,12.616666666666667,0.0,115.0,115.0,General Practice,West
1000000536,15.15,8,92.0,15.15,0.0,92.0,92.0,Cardiology,Northeast
1000000537,16.183333333333334,8,93.0,16.183333333333334,0.0,93.0,93.0,General Practice,West
1000000538,11.716666666666667,8,15.0,11.716666666666667,0.0,15.0,15.0,Radiology,Midwest
1000000539,9.033333333333333,8,23.0,9.033333333333333,0.0,23.0,23.0,Radiology,West
1000000540,18.083333333333332,8,109.0,18.083333333333332,0.0,109.0,109.0,Oncology,Northeast
1000000541,12.966666666666667,8,115.0,12.966666666666667,0.0,115.0,115.0,Neurology,Northeast
1000000542,12.783333333333333,8,101.0,12.783333333333333,0.0,101.0,101.0,Neurology,West
1000000543,17.616666666666667,8,30.0,17.616666666666667,0.0,30.0,30.0,Neurology,Northeast
1000000544,19.933333333333334,8,74.0,19.933333333333334,0.0,74.0,74.0,Oncology,Midwest
1000000545,13.583333333333334,8,87.0,13.583333333333334,0.0,87.0,87.0,Cardiology,West
1000000546,11.2,8,68.0,11.2,0.0,68.0,68.0,Cardiology,West
1000000547,18.0,8,26.0,18.0,0.0,26.0,26.0,Cardiology,South
1000000548,20.316666666666666,8,102.0,20.316666666666666,0.0,102.0,102.0,Pediatrics,West
1000000549,12.116666666666667,8,74.0,12.116666666666667,0.0,74.0,74.0,Orthopedics,Midwest
1000000550,9.716666666666667,8,31.0,9.716666666666667,0.0,31.0,31.0,Orthopedics,Midwest
1000000551,20.166666666666668,8,24.0,20.166666666666668,0.0,24.0,24.0,Pediatrics,West
1000000552,20.833333333333332,8,78.0,20.833333333333332,0.0,78.0,78.0,Pediatrics,Northeast
1000000553,19.083333333333332,8,61.0,19.083333333333332,0.0,61.0,61.0,Orthopedics,South
1000000554,16.783333333333335,8,80.0,16.783333333333335,0.0,80.0,80.0,Pediatrics,West
1000000555,6.083333333333333,8,105.0,6.083333333333333,0.0,105.0,105.0,Orthopedics,West
1000000556,15.8,8,81.0,15.8,0.0,81.0,81.0,Cardiology,West
1000000557,8.05,8,34.0,8.05,0.0,34.0,34.0,Oncology,Midwest
1000000558,20.083333333333332,8,25.0,20.083333333333332,0.0,25.0,25.0,Pediatrics,South
1000000559,6.783333333333333,8,110.0,6.783333333333333,0.0,110.0,110.0,Oncology,West
1000000532,15.5,8,120.0,15.5,0.0,120.0,120.0,General Practice,Midwest
1000000560,17.3,8,117.0,17.3,0.0,117.0,117.0,Radiology,West
1000000531,6.683333333333334,8,58.0,6.683333333333334,0.0,58.0,58.0,General Practice,West
1000000529,18.583333333333332,8,99.0,18.583333333333332,0.0,99.0,99.0,Radiology,Northeast
1000000502,15.166666666666666,8,85.0,15.166666666666666,0.0,85.0,85.0,Radiology,South
1000000503,6.166666666666667,8,12.0,6.166666666666667,0.0,12.0,12.0,Oncology,Northeast
1000000504,12.683333333333334,8,27.0,12.683333333333334,0.0,27.0,27.0,Radiology,Northeast
1000000505,19.566666666666666,8,93.0,19.566666666666666,0.0,93.0,93.0,Cardiology,Northeast
1000000506,6.033333333333333,8,94.0,6.033333333333333,0.0,94.0,94.0,Pediatrics,West
1000000507,19.166666666666668,8,66.0,19.166666666666668,0.0,66.0,66.0,Radiology,West
1000000508,19.983333333333334,8,46.0,19.983333333333334,0.0,46.0,46.0,General Practice,Northeast
1000000509,11.116666666666667,8,67.0,11.116666666666667,0.0,67.0,67.0,Pediatrics,South
1000000510,9.233333333333333,8,80.0,9.233333333333333,0.0,80.0,80.0,Cardiology,South
1000000511,20.833333333333332,8,55.0,20.833333333333332,0.0,55.0,55.0,Oncology,South
1000000512,9.883333333333333,8,22.0,9.883333333333333,0.0,22.0,22.0,Oncology,South
1000000513,14.466666666666667,8,29.0,14.466666666666667,0.0,29.0,29.0,Neurology,Northeast
1000000514,18.733333333333334,8,18.0,18.733333333333334,0.0,18.0,18.0,Neurology,South
1000000515,9.983333333333333,8,98.0,9.983333333333333,0.0,98.0,98.0,Neurology,South
1000000516,18.883333333333333,8,13.0,18.883333333333333,0.0,13.0,13.0,Oncology,Northeast
1000000517,12.333333333333334,8,20.0,12.333333333333334,0.0,20.0,20.0,Radiology,West
1000000518,20.866666666666667,8,24.0,20.866666666666667,0.0,24.0,24.0,Neurology,Northeast
1000000519,11.566666666666666,8,112.0,11.566666666666666,0.0,112.0,112.0,General Practice,Northeast
1000000520,15.116666666666667,8,10.0,15.116666666666667,0.0,10.0,10.0,Pediatrics,West
1000000521,9.533333333333333,8,88.0,9.533333333333333,0.0,88.0,88.0,General Practice,South
1000000522,10.5,8,110.0,10.5,0.0,110.0,110.0,General Practice,Northeast
1000000523,10.75,8,101.0,10.75,0.0,101.0,101.0,Orthopedics,West
1000000524,20.266666666666666,8,112.0,20.266666666666666,0.0,112.0,112.0,Oncology,South
1000000525,16.616666666666667,8,54.0,16.616666666666667,0.0,54.0,54.0,Cardiology,South
1000000526,17.95,8,69.0,17.95,0.0,69.0,69.0,Orthopedics,South
1000000527,7.066666666666666,8,37.0,7.066666666666666,0.0,37.0,37.0,Neurology,South
1000000528,16.066666666666666,8,48.0,16.066666666666666,0.0,48.0,48.0,Pediatrics,West
1000000530,11.833333333333334,8,85.0,11.833333333333334,0.0,85.0,85.0,Orthopedics,West
1000000561,15.733333333333333,8,86.0,15.733333333333333,0.0,86.0,86.0,Cardiology,Northeast
1000000562,19.533333333333335,8,76.0,19.533333333333335,0.0,76.0,76.0,Orthopedics,Northeast
1000000563,6.45,8,80.0,6.45,0.0,80.0,80.0,General Practice,West
1000000596,14.383333333333333,8,63.0,14.383333333333333,0.0,63.0,63.0,Orthopedics,Northeast
1000000597,8.316666666666666,8,101.0,8.316666666666666,0.0,101.0,101.0,Oncology,South
1000000598,7.0,8,67.0,7.0,0.0,67.0,67.0,Orthopedics,Midwest
1000000599,6.466666666666667,8,45.0,6.466666666666667,0.0,45.0,45.0,Radiology,South
1000000600,15.25,8,65.0,15.25,0.0,65.0,65.0,Orthopedics,West
1000000601,13.3,8,64.0,13.3,0.0,64.0,64.0,Pediatrics,Midwest
1000000602,20.25,8,26.0,20.25,0.0,26.0,26.0,Neurology,Northeast
1000000603,8.616666666666667,8,59.0,8.616666666666667,0.0,59.0,59.0,Pediatrics,Midwest
1000000604,11.1,8,43.0,11.1,0.0,43.0,43.0,Oncology,South
1000000605,12.766666666666667,8,117.0,12.766666666666667,0.0,117.0,117.0,Cardiology,Northeast
1000000606,20.0,8,34.0,20.0,0.0,34.0,34.0,Radiology,West
1000000607,10.383333333333333,8,67.0,10.383333333333333,0.0,67.0,67.0,Cardiology,West
1000000608,14.933333333333334,8,17.0,14.933333333333334,0.0,17.0,17.0,General Practice,Midwest
1000000609,18.35,8,16.0,18.35,0.0,16.0,16.0,Neurology,South
1000000610,12.2,8,27.0,12.2,0.0,27.0,27.0,Orthopedics,Northeast
1000000611,9.9,8,67.0,9.9,0.0,67.0,67.0,Oncology,Northeast
1000000612,11.283333333333333,8,80.0,11.283333333333333,0.0,80.0,80.0,Pediatrics,Northeast
1000000613,17.716666666666665,8,86.0,17.716666666666665,0.0,86.0,86.0,Orthopedics,Midwest
1000000614,9.633333333333333,8,47.0,9.633333333333333,0.0,47.0,47.0,Radiology,Northeast
1000000615,13.933333333333334,8,28.0,13.933333333333334,0.0,28.0,28.0,Oncology,Midwest
1000000616,19.616666666666667,8,5.0,19.616666666666667,0.0,5.0,5.0,Oncology,Northeast
1000000617,6.416666666666667,8,9.0,6.416666666666667,0.0,9.0,9.0,Radiology,Northeast
1000000618,7.533333333333333,8,15.0,7.533333333333333,0.0,15.0,15.0,Orthopedics,Northeast
1000000619,19.4,8,31.0,19.4,0.0,31.0,31.0,Oncology,Northeast
1000000620,16.966666666666665,8,91.0,16.966666666666665,0.0,91.0,91.0,Radiology,Northeast
1000000621,14.216666666666667,8,43.0,14.216666666666667,0.0,43.0,43.0,Oncology,South
1000000622,14.066666666666666,8,56.0,14.066666666666666,0.0,56.0,56.0,Cardiology,Northeast
1000000595,14.05,8,87.0,14.05,0.0,87.0,87.0,Neurology,Northeast
1000000594,13.016666666666667,8,63.0,13.016666666666667,0.0,63.0,63.0,Oncology,Northeast
1000000593,14.483333333333333,8,90.0,14.483333333333333,0.0,90.0,90.0,Cardiology,Northeast
1000000592,18.933333333333334,8,120.0,18.933333333333334,0.0,120.0,120.0,General Practice,Northeast
1000000564,10.133333333333333,8,88.0,10.133333333333333,0.0,88.0,88.0,Pediatrics,Northeast
1000000565,10.733333333333333,8,47.0,10.733333333333333,0.0,47.0,47.0,Neurology,Midwest
1000000566,20.016666666666666,8,58.0,20.016666666666666,0.0,58.0,58.0,General Practice,Midwest
1000000567,11.566666666666666,8,26.0,11.566666666666666,0.0,26.0,26.0,Neurology,West
1000000568,12.383333333333333,8,21.0,12.383333333333333,0.0,21.0,21.0,Orthopedics,West
1000000569,19.283333333333335,8,37.0,19.283333333333335,0.0,37.0,37.0,Cardiology,South
1000000570,14.933333333333334,8,83.0,14.933333333333334,0.0,83.0,83.0,General Practice,West
1000000571,20.966666666666665,8,9.0,20.966666666666665,0.0,9.0,9.0,Neurology,Northeast
1000000572,9.183333333333334,8,31.0,9.183333333333334,0.0,31.0,31.0,Orthopedics,West
1000000573,9.55,8,29.0,9.55,0.0,29.0,29.0,General Practice,South
1000000574,6.416666666666667,8,46.0,6.416666666666667,0.0,46.0,46.0,General Practice,West
1000000575,14.4,8,18.0,14.4,0.0,18.0,18.0,Neurology,West
1000000576,18.733333333333334,8,69.0,18.733333333333334,0.0,69.0,69.0,Oncology,South
1000000624,11.1,8,28.0,11.1,0.0,28.0,28.0,Cardiology,Northeast
1000000577,11.883333333333333,8,15.0,11.883333333333333,0.0,15.0,15.0,Oncology,Northeast
1000000579,8.7,8,83.0,8.7,0.0,83.0,83.0,Orthopedics,West
1000000580,6.2,8,68.0,6.2,0.0,68.0,68.0,Radiology,South
1000000581,13.85,8,102.0,13.85,0.0,102.0,102.0,General Practice,Midwest
1000000582,12.866666666666667,8,47.0,12.866666666666667,0.0,47.0,47.0,Radiology,Midwest
1000000583,7.5,8,60.0,7.5,0.0,60.0,60.0,Orthopedics,Midwest
1000000584,18.166666666666668,8,93.0,18.166666666666668,0.0,93.0,93.0,Orthopedics,West
1000000585,13.133333333333333,8,69.0,13.133333333333333,0.0,69.0,69.0,Orthopedics,Northeast
1000000586,15.333333333333334,8,17.0,15.333333333333334,0.0,17.0,17.0,Cardiology,South
1000000587,19.9,8,23.0,19.9,0.0,23.0,23.0,Oncology,Midwest
1000000588,19.3,8,72.0,19.3,0.0,72.0,72.0,Neurology,South
1000000589,11.0,8,12.0,11.0,0.0,12.0,12.0,Pediatrics,Northeast
1000000590,11.016666666666667,8,71.0,11.016666666666667,0.0,71.0,71.0,Radiology,West
1000000591,19.883333333333333,8,87.0,19.883333333333333,0.0,87.0,87.0,Cardiology,West
1000000578,10.65,8,17.0,10.65,0.0,17.0,17.0,Cardiology,Northeast
1000000501,20.083333333333332,8,115.0,20.083333333333332,0.0,115.0,115.0,Pediatrics,Midwest
1000000749,7.016666666666667,8,78.0,7.016666666666667,0.0,78.0,78.0,General Practice,West
1000000751,11.2,8,45.0,11.2,0.0,45.0,45.0,Oncology,South
1000000908,6.683333333333334,8,112.0,6.683333333333334,0.0,112.0,112.0,Orthopedics,West
1000000909,11.716666666666667,8,20.0,11.716666666666667,0.0,20.0,20.0,Neurology,West
1000000910,15.966666666666667,8,44.0,15.966666666666667,0.0,44.0,44.0,Cardiology,Midwest
1000000911,18.633333333333333,8,100.0,18.633333333333333,0.0,100.0,100.0,Neurology,West
1000000912,17.35,8,69.0,17.35,0.0,69.0,69.0,General Practice,Midwest
1000000913,12.816666666666666,8,86.0,12.816666666666666,0.0,86.0,86.0,General Practice,Midwest
1000000914,13.866666666666667,8,106.0,13.866666666666667,0.0,106.0,106.0,Radiology,South
1000000915,11.766666666666667,8,120.0,11.766666666666667,0.0,120.0,120.0,Neurology,Northeast
1000000916,14.3,8,119.0,14.3,0.0,119.0,119.0,Pediatrics,West
1000000917,7.983333333333333,8,90.0,7.983333333333333,0.0,90.0,90.0,Orthopedics,Northeast
1000000918,17.35,8,106.0,17.35,0.0,106.0,106.0,Pediatrics,Midwest
1000000919,17.283333333333335,8,46.0,17.283333333333335,0.0,46.0,46.0,Orthopedics,Northeast
1000000920,12.066666666666666,8,105.0,12.066666666666666,0.0,105.0,105.0,Orthopedics,Northeast
1000000921,11.15,8,89.0,11.15,0.0,89.0,89.0,Cardiology,South
1000000922,19.166666666666668,8,102.0,19.166666666666668,0.0,102.0,102.0,Radiology,West
1000000923,7.8,8,66.0,7.8,0.0,66.0,66.0,Cardiology,Midwest
1000000924,12.4,8,80.0,12.4,0.0,80.0,80.0,Radiology,South
1000000925,14.1,8,103.0,14.1,0.0,103.0,103.0,Pediatrics,Midwest
1000000926,6.433333333333334,8,79.0,6.433333333333334,0.0,79.0,79.0,Neurology,Northeast
1000000927,20.916666666666668,8,93.0,20.916666666666668,0.0,93.0,93.0,Orthopedics,Midwest
1000000928,9.95,8,45.0,9.95,0.0,45.0,45.0,Oncology,Midwest
1000000929,15.3,8,60.0,15.3,0.0,60.0,60.0,Pediatrics,West
1000000930,18.25,8,5.0,18.25,0.0,5.0,5.0,Radiology,West
1000000931,15.25,8,76.0,15.25,0.0,76.0,76.0,Radiology,Northeast
1000000932,10.966666666666667,8,108.0,10.966666666666667,0.0,108.0,108.0,Neurology,Northeast
1000000933,11.066666666666666,8,10.0,11.066666666666666,0.0,10.0,10.0,Cardiology,Northeast
1000000934,7.866666666666667,8,92.0,7.866666666666667,0.0,92.0,92.0,Radiology,Northeast
1000000907,8.666666666666666,8,34.0,8.666666666666666,0.0,34.0,34.0,Radiology,Northeast
1000000935,14.466666666666667,8,70.0,14.466666666666667,0.0,70.0,70.0,Pediatrics,South
1000000906,10.866666666666667,8,94.0,10.866666666666667,0.0,94.0,94.0,Neurology,West
1000000904,14.95,8,110.0,14.95,0.0,110.0,110.0,Pediatrics,Midwest
1000000877,17.916666666666668,8,102.0,17.916666666666668,0.0,102.0,102.0,Cardiology,Northeast
1000000878,19.516666666666666,8,65.0,19.516666666666666,0.0,65.0,65.0,Neurology,South
1000000879,7.65,8,115.0,7.65,0.0,115.0,115.0,Neurology,Midwest
1000000880,8.466666666666667,8,94.0,8.466666666666667,0.0,94.0,94.0,Radiology,South
1000000881,13.683333333333334,8,97.0,13.683333333333334,0.0,97.0,97.0,Neurology,Midwest
1000000882,16.916666666666668,8,119.0,16.916666666666668,0.0,119.0,119.0,Neurology,West
1000000883,16.483333333333334,8,85.0,16.483333333333334,0.0,85.0,85.0,Oncology,Midwest
1000000884,15.966666666666667,8,17.0,15.966666666666667,0.0,17.0,17.0,General Practice,West
1000000885,10.583333333333334,8,98.0,10.583333333333334,0.0,98.0,98.0,Oncology,Midwest
1000000886,20.25,8,82.0,20.25,0.0,82.0,82.0,Radiology,Midwest
1000000887,15.566666666666666,8,45.0,15.566666666666666,0.0,45.0,45.0,Neurology,Midwest
1000000888,13.25,8,45.0,13.25,0.0,45.0,45.0,Cardiology,South
1000000889,11.7,8,114.0,11.7,0.0,114.0,114.0,Neurology,Northeast
1000000890,14.416666666666666,8,96.0,14.416666666666666,0.0,96.0,96.0,Neurology,South
1000000891,19.783333333333335,8,113.0,19.783333333333335,0.0,113.0,113.0,Oncology,Midwest
1000000892,13.416666666666666,8,86.0,13.416666666666666,0.0,86.0,86.0,Orthopedics,West
1000000893,13.616666666666667,8,17.0,13.616666666666667,0.0,17.0,17.0,Orthopedics,Midwest
1000000894,14.3,8,22.0,14.3,0.0,22.0,22.0,Oncology,West
1000000895,10.666666666666666,8,48.0,10.666666666666666,0.0,48.0,48.0,Oncology,West
1000000896,6.45,8,64.0,6.45,0.0,64.0,64.0,Pediatrics,West
1000000897,18.2,8,50.0,18.2,0.0,50.0,50.0,Cardiology,Northeast
1000000898,15.45,8,62.0,15.45,0.0,62.0,62.0,General Practice,Midwest
1000000899,7.9,8,41.0,7.9,0.0,41.0,41.0,Orthopedics,West
1000000900,6.483333333333333,8,66.0,6.483333333333333,0.0,66.0,66.0,Cardiology,Midwest
1000000901,6.016666666666667,8,101.0,6.016666666666667,0.0,101.0,101.0,Orthopedics,South
1000000902,9.183333333333334,8,7.0,9.183333333333334,0.0,7.0,7.0,Cardiology,South
1000000903,12.683333333333334,8,49.0,12.683333333333334,0.0,49.0,49.0,Orthopedics,South
1000000905,11.95,8,106.0,11.95,0.0,106.0,106.0,Cardiology,West
1000000936,13.566666666666666,8,58.0,13.566666666666666,0.0,58.0,58.0,Pediatrics,Midwest
1000000937,6.6,8,57.0,6.6,0.0,57.0,57.0,Orthopedics,Northeast
1000000938,13.3,8,96.0,13.3,0.0,96.0,96.0,Radiology,West
1000000971,13.266666666666667,8,82.0,13.266666666666667,0.0,82.0,82.0,Pediatrics,West
1000000972,20.683333333333334,8,28.0,20.683333333333334,0.0,28.0,28.0,Oncology,Midwest
1000000973,7.366666666666666,8,57.0,7.366666666666666,0.0,57.0,57.0,Pediatrics,Midwest
1000000974,19.383333333333333,8,101.0,19.383333333333333,0.0,101.0,101.0,Oncology,Northeast
1000000975,17.783333333333335,8,66.0,17.783333333333335,0.0,66.0,66.0,Neurology,West
1000000976,14.45,8,77.0,14.45,0.0,77.0,77.0,Oncology,West
1000000977,15.866666666666667,8,99.0,15.866666666666667,0.0,99.0,99.0,Neurology,Northeast
1000000978,10.866666666666667,8,31.0,10.866666666666667,0.0,31.0,31.0,Neurology,Northeast
1000000979,12.333333333333334,8,30.0,12.333333333333334,0.0,30.0,30.0,Oncology,Northeast
1000000980,7.65,8,111.0,7.65,0.0,111.0,111.0,Pediatrics,Northeast
1000000981,8.75,8,112.0,8.75,0.0,112.0,112.0,Radiology,West
1000000982,18.616666666666667,8,11.0,18.616666666666667,0.0,11.0,11.0,Orthopedics,Midwest
1000000983,10.733333333333333,8,7.0,10.733333333333333,0.0,7.0,7.0,General Practice,South
1000000984,20.85,8,20.0,20.85,0.0,20.0,20.0,Radiology,Northeast
1000000985,9.766666666666667,8,30.0,9.766666666666667,0.0,30.0,30.0,Radiology,Northeast
1000000986,8.883333333333333,8,59.0,8.883333333333333,0.0,59.0,59.0,General Practice,West
1000000987,20.183333333333334,8,100.0,20.183333333333334,0.0,100.0,100.0,Pediatrics,West
1000000988,6.65,8,19.0,6.65,0.0,19.0,19.0,Orthopedics,South
1000000989,16.15,8,87.0,16.15,0.0,87.0,87.0,Pediatrics,Midwest
1000000990,18.666666666666668,8,105.0,18.666666666666668,0.0,105.0,105.0,Oncology,South
1000000991,19.883333333333333,8,33.0,19.883333333333333,0.0,33.0,33.0,Neurology,Midwest
1000000992,20.083333333333332,8,26.0,20.083333333333332,0.0,26.0,26.0,Pediatrics,West
1000000993,16.616666666666667,8,46.0,16.616666666666667,0.0,46.0,46.0,General Practice,Northeast
1000000994,18.466666666666665,8,50.0,18.466666666666665,0.0,50.0,50.0,Oncology,West
1000000995,11.9,8,60.0,11.9,0.0,60.0,60.0,Neurology,West
1000000996,17.15,8,43.0,17.15,0.0,43.0,43.0,Neurology,Midwest
1000000997,18.733333333333334,8,62.0,18.733333333333334,0.0,62.0,62.0,Cardiology,Northeast
1000000970,7.833333333333333,8,77.0,7.833333333333333,0.0,77.0,77.0,General Practice,South
1000000969,16.75,8,54.0,16.75,0.0,54.0,54.0,Radiology,South
1000000968,11.733333333333333,8,18.0,11.733333333333333,0.0,18.0,18.0,Radiology,Northeast
1000000967,11.033333333333333,8,36.0,11.033333333333333,0.0,36.0,36.0,Radiology,South
1000000939,14.433333333333334,8,63.0,14.433333333333334,0.0,63.0,63.0,Orthopedics,Midwest
1000000940,16.6,8,103.0,16.6,0.0,103.0,103.0,Oncology,West
1000000941,18.35,8,100.0,18.35,0.0,100.0,100.0,Oncology,Northeast
1000000942,14.3,8,76.0,14.3,0.0,76.0,76.0,Radiology,South
1000000943,6.3,8,107.0,6.3,0.0,107.0,107.0,Cardiology,Northeast
1000000944,17.266666666666666,8,70.0,17.266666666666666,0.0,70.0,70.0,Pediatrics,West
1000000945,13.366666666666667,8,8.0,13.366666666666667,0.0,8.0,8.0,Cardiology,West
1000000946,7.866666666666667,8,14.0,7.866666666666667,0.0,14.0,14.0,General Practice,South
1000000947,7.766666666666667,8,70.0,7.766666666666667,0.0,70.0,70.0,Oncology,West
1000000948,11.95,8,66.0,11.95,0.0,66.0,66.0,Orthopedics,Midwest
1000000949,11.566666666666666,8,99.0,11.566666666666666,0.0,99.0,99.0,Neurology,Midwest
1000000950,18.25,8,31.0,18.25,0.0,31.0,31.0,Radiology,West
1000000951,9.1,8,97.0,9.1,0.0,97.0,97.0,Orthopedics,West
1000000876,17.833333333333332,8,69.0,17.833333333333332,0.0,69.0,69.0,Radiology,South
1000000952,12.016666666666667,8,118.0,12.016666666666667,0.0,118.0,118.0,Oncology,South
1000000954,20.883333333333333,8,76.0,20.883333333333333,0.0,76.0,76.0,Cardiology,South
1000000955,14.7,8,108.0,14.7,0.0,108.0,108.0,Oncology,West
1000000956,10.766666666666667,8,96.0,10.766666666666667,0.0,96.0,96.0,Orthopedics,Midwest
1000000957,14.65,8,24.0,14.65,0.0,24.0,24.0,Neurology,West
1000000958,16.766666666666666,8,10.0,16.766666666666666,0.0,10.0,10.0,General Practice,West
1000000959,9.35,8,89.0,9.35,0.0,89.0,89.0,Cardiology,Midwest
1000000960,10.05,8,63.0,10.05,0.0,63.0,63.0,Pediatrics,South
1000000961,9.15,8,61.0,9.15,0.0,61.0,61.0,Neurology,South
1000000962,6.55,8,32.0,6.55,0.0,32.0,32.0,Cardiology,Midwest
1000000963,18.516666666666666,8,36.0,18.516666666666666,0.0,36.0,36.0,Radiology,South
1000000964,17.583333333333332,8,84.0,17.583333333333332,0.0,84.0,84.0,Pediatrics,West
1000000965,12.35,8,54.0,12.35,0.0,54.0,54.0,Oncology,Midwest
1000000966,6.016666666666667,8,7.0,6.016666666666667,0.0,7.0,7.0,Oncology,South
1000000953,10.783333333333333,8,36.0,10.783333333333333,0.0,36.0,36.0,Radiology,Midwest
1000000750,6.183333333333334,8,66.0,6.183333333333334,0.0,66.0,66.0,Cardiology,Northeast
1000000875,14.8,8,28.0,14.8,0.0,28.0,28.0,Neurology,Northeast
1000000873,9.233333333333333,8,40.0,9.233333333333333,0.0,40.0,40.0,Cardiology,Midwest
1000000783,17.1,8,62.0,17.1,0.0,62.0,62.0,Orthopedics,Northeast
1000000784,11.233333333333333,8,38.0,11.233333333333333,0.0,38.0,38.0,Cardiology,South
1000000785,6.2,8,7.0,6.2,0.0,7.0,7.0,General Practice,West
1000000786,8.566666666666666,8,61.0,8.566666666666666,0.0,61.0,61.0,General Practice,Northeast
1000000787,7.15,8,35.0,7.15,0.0,35.0,35.0,Oncology,West
1000000788,15.566666666666666,8,34.0,15.566666666666666,0.0,34.0,34.0,Pediatrics,Midwest
1000000789,15.683333333333334,8,54.0,15.683333333333334,0.0,54.0,54.0,Cardiology,Midwest
1000000790,16.533333333333335,8,15.0,16.533333333333335,0.0,15.0,15.0,Radiology,South
1000000791,7.883333333333333,8,55.0,7.883333333333333,0.0,55.0,55.0,Neurology,South
1000000792,7.266666666666667,8,99.0,7.266666666666667,0.0,99.0,99.0,Cardiology,Midwest
1000000793,10.7,8,35.0,10.7,0.0,35.0,35.0,Oncology,Midwest
1000000794,7.716666666666667,8,107.0,7.716666666666667,0.0,107.0,107.0,Neurology,South
1000000795,7.116666666666666,8,14.0,7.116666666666666,0.0,14.0,14.0,Cardiology,Northeast
1000000796,6.516666666666667,8,21.0,6.516666666666667,0.0,21.0,21.0,General Practice,West
1000000797,8.316666666666666,8,48.0,8.316666666666666,0.0,48.0,48.0,Oncology,South
1000000798,13.05,8,53.0,13.05,0.0,53.0,53.0,Oncology,Midwest
1000000799,12.383333333333333,8,31.0,12.383333333333333,0.0,31.0,31.0,Pediatrics,South
1000000800,6.75,8,74.0,6.75,0.0,74.0,74.0,Pediatrics,Midwest
1000000801,12.366666666666667,8,73.0,12.366666666666667,0.0,73.0,73.0,Orthopedics,Northeast
1000000802,16.0,8,31.0,16.0,0.0,31.0,31.0,Pediatrics,Northeast
1000000803,16.25,8,73.0,16.25,0.0,73.0,73.0,Oncology,West
1000000804,12.15,8,8.0,12.15,0.0,8.0,8.0,Neurology,West
1000000805,20.916666666666668,8,76.0,20.916666666666668,0.0,76.0,76.0,Neurology,Northeast
1000000806,13.033333333333333,8,117.0,13.033333333333333,0.0,117.0,117.0,Neurology,South
1000000807,10.983333333333333,8,61.0,10.983333333333333,0.0,61.0,61.0,Cardiology,South
1000000808,8.016666666666667,8,46.0,8.016666666666667,0.0,46.0,46.0,General Practice,Northeast
1000000809,12.283333333333333,8,97.0,12.283333333333333,0.0,97.0,97.0,Neurology,South
1000000782,12.516666666666667,8,85.0,12.516666666666667,0.0,85.0,85.0,General Practice,Midwest
1000000810,19.266666666666666,8,98.0,19.266666666666666,0.0,98.0,98.0,Neurology,Northeast
1000000781,14.366666666666667,8,82.0,14.366666666666667,0.0,82.0,82.0,Neurology,Northeast
1000000779,9.85,8,82.0,9.85,0.0,82.0,82.0,Oncology,South
1000000752,14.283333333333333,8,45.0,14.283333333333333,0.0,45.0,45.0,Pediatrics,South
1000000753,13.866666666666667,8,68.0,13.866666666666667,0.0,68.0,68.0,General Practice,West
1000000754,20.333333333333332,8,73.0,20.333333333333332,0.0,73.0,73.0,Cardiology,Northeast
1000000755,6.55,8,112.0,6.55,0.0,112.0,112.0,Pediatrics,Midwest
1000000756,15.383333333333333,8,44.0,15.383333333333333,0.0,44.0,44.0,Neurology,Midwest
1000000757,13.15,8,59.0,13.15,0.0,59.0,59.0,General Practice,South
1000000758,19.7,8,27.0,19.7,0.0,27.0,27.0,Pediatrics,Midwest
1000000759,8.766666666666667,8,75.0,8.766666666666667,0.0,75.0,75.0,General Practice,West
1000000760,14.266666666666667,8,38.0,14.266666666666667,0.0,38.0,38.0,Cardiology,West
1000000761,13.566666666666666,8,98.0,13.566666666666666,0.0,98.0,98.0,Pediatrics,South
1000000762,15.833333333333334,8,53.0,15.833333333333334,0.0,53.0,53.0,Oncology,South
1000000763,18.983333333333334,8,37.0,18.983333333333334,0.0,37.0,37.0,Radiology,Northeast
1000000764,16.416666666666668,8,95.0,16.416666666666668,0.0,95.0,95.0,Neurology,West
1000000765,14.833333333333334,8,51.0,14.833333333333334,0.0,51.0,51.0,Cardiology,West
1000000766,18.433333333333334,8,55.0,18.433333333333334,0.0,55.0,55.0,Neurology,South
1000000767,19.15,8,84.0,19.15,0.0,84.0,84.0,Orthopedics,Northeast
1000000768,11.233333333333333,8,11.0,11.233333333333333,0.0,11.0,11.0,Oncology,South
1000000769,13.833333333333334,8,95.0,13.833333333333334,0.0,95.0,95.0,Radiology,West
1000000770,13.416666666666666,8,92.0,13.416666666666666,0.0,92.0,92.0,Radiology,South
1000000771,20.9,8,79.0,20.9,0.0,79.0,79.0,Neurology,Northeast
1000000772,10.333333333333334,8,78.0,10.333333333333334,0.0,78.0,78.0,Pediatrics,South
1000000773,15.883333333333333,8,84.0,15.883333333333333,0.0,84.0,84.0,Radiology,Northeast
1000000774,9.733333333333333,8,77.0,9.733333333333333,0.0,77.0,77.0,General Practice,West
1000000775,6.683333333333334,8,50.0,6.683333333333334,0.0,50.0,50.0,Oncology,South
1000000776,13.366666666666667,8,45.0,13.366666666666667,0.0,45.0,45.0,Oncology,West
1000000777,10.25,8,104.0,10.25,0.0,104.0,104.0,Oncology,Midwest
1000000778,11.3,8,61.0,11.3,0.0,61.0,61.0,General Practice,Midwest
1000000780,12.466666666666667,8,100.0,12.466666666666667,0.0,100.0,100.0,Pediatrics,West
1000000811,17.166666666666668,8,5.0,17.166666666666668,0.0,5.0,5.0,Cardiology,Northeast
1000000812,20.916666666666668,8,77.0,20.916666666666668,0.0,77.0,77.0,Orthopedics,West
1000000813,14.55,8,77.0,14.55,0.0,77.0,77.0,Pediatrics,West
1000000846,6.933333333333334,8,86.0,6.933333333333334,0.0,86.0,86.0,Oncology,South
1000000847,20.366666666666667,8,67.0,20.366666666666667,0.0,67.0,67.0,Oncology,Northeast
1000000848,13.65,8,24.0,13.65,0.0,24.0,24.0,General Practice,Northeast
1000000849,7.316666666666666,8,33.0,7.316666666666666,0.0,33.0,33.0,Orthopedics,Midwest
1000000850,11.55,8,111.0,11.55,0.0,111.0,111.0,Orthopedics,West
1000000851,16.883333333333333,8,28.0,16.883333333333333,0.0,28.0,28.0,Neurology,Northeast
1000000852,11.233333333333333,8,39.0,11.233333333333333,0.0,39.0,39.0,Radiology,West
1000000853,13.616666666666667,8,86.0,13.616666666666667,0.0,86.0,86.0,Radiology,Northeast
1000000854,12.4,8,55.0,12.4,0.0,55.0,55.0,Cardiology,Midwest
1000000855,9.8,8,55.0,9.8,0.0,55.0,55.0,Oncology,Northeast
1000000856,8.816666666666666,8,67.0,8.816666666666666,0.0,67.0,67.0,Oncology,West
1000000857,19.45,8,68.0,19.45,0.0,68.0,68.0,Oncology,West
1000000858,11.133333333333333,8,98.0,11.133333333333333,0.0,98.0,98.0,Oncology,South
1000000859,15.783333333333333,8,111.0,15.783333333333333,0.0,111.0,111.0,General Practice,West
1000000860,15.383333333333333,8,56.0,15.383333333333333,0.0,56.0,56.0,Orthopedics,Northeast
1000000861,20.466666666666665,8,110.0,20.466666666666665,0.0,110.0,110.0,Oncology,South
1000000862,16.866666666666667,8,96.0,16.866666666666667,0.0,96.0,96.0,Radiology,Midwest
1000000863,10.5,8,45.0,10.5,0.0,45.0,45.0,Cardiology,Northeast
1000000864,6.0,8,77.0,6.0,0.0,77.0,77.0,Oncology,Midwest
1000000865,17.1,8,120.0,17.1,0.0,120.0,120.0,Cardiology,Midwest
1000000866,6.066666666666666,8,120.0,6.066666666666666,0.0,120.0,120.0,Pediatrics,Northeast
1000000867,20.883333333333333,8,78.0,20.883333333333333,0.0,78.0,78.0,Orthopedics,South
1000000868,15.1,8,93.0,15.1,0.0,93.0,93.0,Cardiology,West
1000000869,19.933333333333334,8,68.0,19.933333333333334,0.0,68.0,68.0,Radiology,South
1000000870,17.85,8,101.0,17.85,0.0,101.0,101.0,Cardiology,Midwest
1000000871,11.966666666666667,8,15.0,11.966666666666667,0.0,15.0,15.0,Oncology,Midwest
1000000872,15.55,8,101.0,15.55,0.0,101.0,101.0,Orthopedics,West
1000000845,13.95,8,19.0,13.95,0.0,19.0,19.0,Oncology,West
1000000844,15.3,8,31.0,15.3,0.0,31.0,31.0,Radiology,Northeast
1000000843,10.583333333333334,8,107.0,10.583333333333334,0.0,107.0,107.0,Orthopedics,Northeast
1000000842,16.016666666666666,8,97.0,16.016666666666666,0.0,97.0,97.0,Oncology,Northeast
1000000814,14.383333333333333,8,45.0,14.383333333333333,0.0,45.0,45.0,Oncology,Northeast
1000000815,20.1,8,65.0,20.1,0.0,65.0,65.0,Pediatrics,Northeast
1000000816,12.25,8,62.0,12.25,0.0,62.0,62.0,Orthopedics,West
1000000817,7.016666666666667,8,50.0,7.016666666666667,0.0,50.0,50.0,General Practice,South
1000000818,6.616666666666667,8,116.0,6.616666666666667,0.0,116.0,116.0,General Practice,Midwest
1000000819,7.1,8,116.0,7.1,0.0,116.0,116.0,Oncology,Midwest
1000000820,8.266666666666667,8,79.0,8.266666666666667,0.0,79.0,79.0,Oncology,West
1000000821,8.983333333333333,8,85.0,8.983333333333333,0.0,85.0,85.0,Orthopedics,South
1000000822,15.816666666666666,8,60.0,15.816666666666666,0.0,60.0,60.0,Oncology,Midwest
1000000823,10.3,8,116.0,10.3,0.0,116.0,116.0,Radiology,South
1000000824,17.383333333333333,8,57.0,17.383333333333333,0.0,57.0,57.0,Neurology,West
1000000825,11.616666666666667,8,45.0,11.616666666666667,0.0,45.0,45.0,Radiology,West
1000000826,12.816666666666666,8,29.0,12.816666666666666,0.0,29.0,29.0,Orthopedics,South
1000000874,10.05,8,111.0,10.05,0.0,111.0,111.0,General Practice,Northeast
1000000827,16.033333333333335,8,35.0,16.033333333333335,0.0,35.0,35.0,Neurology,West
1000000829,17.9,8,86.0,17.9,0.0,86.0,86.0,General Practice,West
1000000830,11.883333333333333,8,9.0,11.883333333333333,0.0,9.0,9.0,Radiology,West
1000000831,8.933333333333334,8,108.0,8.933333333333334,0.0,108.0,108.0,Neurology,West
1000000832,15.216666666666667,8,75.0,15.216666666666667,0.0,75.0,75.0,Orthopedics,South
1000000833,15.4,8,18.0,15.4,0.0,18.0,18.0,Pediatrics,Northeast
1000000834,13.916666666666666,8,115.0,13.916666666666666,0.0,115.0,115.0,Pediatrics,West
1000000835,12.95,8,63.0,12.95,0.0,63.0,63.0,Pediatrics,Midwest
1000000836,7.033333333333333,8,23.0,7.033333333333333,0.0,23.0,23.0,Orthopedics,Northeast
1000000837,13.5,8,120.0,13.5,0.0,120.0,120.0,Radiology,South
1000000838,17.9,8,27.0,17.9,0.0,27.0,27.0,Cardiology,Northeast
1000000839,20.4,8,92.0,20.4,0.0,92.0,92.0,Cardiology,West
1000000840,19.083333333333332,8,85.0,19.083333333333332,0.0,85.0,85.0,General Practice,West
1000000841,13.183333333333334,8,17.0,13.183333333333334,0.0,17.0,17.0,Neurology,Northeast
1000000828,20.9,8,30.0,20.9,0.0,30.0,30.0,Orthopedics,Northeast
1000000500,19.35,8,64.0,19.35,0.0,64.0,64.0,Cardiology,South
1000000499,20.683333333333334,8,38.0,20.683333333333334,0.0,38.0,38.0,General Practice,West
1000000498,19.266666666666666,8,86.0,19.266666666666666,0.0,86.0,86.0,Radiology,West
1000000157,9.883333333333333,8,74.0,9.883333333333333,0.0,74.0,74.0,Pediatrics,West
1000000158,10.316666666666666,8,30.0,10.316666666666666,0.0,30.0,30.0,Pediatrics,South
1000000159,12.9,8,91.0,12.9,0.0,91.0,91.0,Pediatrics,West
1000000160,17.05,8,84.0,17.05,0.0,84.0,84.0,Cardiology,South
1000000161,7.383333333333334,8,7.0,7.383333333333334,0.0,7.0,7.0,Pediatrics,Midwest
1000000162,13.666666666666666,8,92.0,13.666666666666666,0.0,92.0,92.0,Radiology,West
1000000163,16.916666666666668,8,33.0,16.916666666666668,0.0,33.0,33.0,Cardiology,Midwest
1000000164,17.383333333333333,8,6.0,17.383333333333333,0.0,6.0,6.0,Cardiology,Northeast
1000000165,20.583333333333332,8,114.0,20.583333333333332,0.0,114.0,114.0,Orthopedics,West
1000000166,9.366666666666667,8,92.0,9.366666666666667,0.0,92.0,92.0,Cardiology,Midwest
1000000167,13.066666666666666,8,113.0,13.066666666666666,0.0,113.0,113.0,Radiology,West
1000000168,15.983333333333333,8,116.0,15.983333333333333,0.0,116.0,116.0,Pediatrics,Northeast
1000000169,18.85,8,60.0,18.85,0.0,60.0,60.0,Cardiology,West
1000000170,6.166666666666667,8,46.0,6.166666666666667,0.0,46.0,46.0,Neurology,Northeast
1000000171,6.05,8,47.0,6.05,0.0,47.0,47.0,Neurology,West
1000000172,9.566666666666666,8,30.0,9.566666666666666,0.0,30.0,30.0,Pediatrics,Midwest
1000000173,15.583333333333334,8,10.0,15.583333333333334,0.0,10.0,10.0,Cardiology,Midwest
1000000174,17.516666666666666,8,116.0,17.516666666666666,0.0,116.0,116.0,Neurology,Midwest
1000000175,8.95,8,45.0,8.95,0.0,45.0,45.0,Pediatrics,South
1000000176,15.716666666666667,8,23.0,15.716666666666667,0.0,23.0,23.0,Oncology,Northeast
1000000177,6.883333333333333,8,65.0,6.883333333333333,0.0,65.0,65.0,General Practice,West
1000000178,6.683333333333334,8,110.0,6.683333333333334,0.0,110.0,110.0,Pediatrics,South
1000000179,12.4,8,50.0,12.4,0.0,50.0,50.0,General Practice,Northeast
1000000180,8.4,8,70.0,8.4,0.0,70.0,70.0,Cardiology,Northeast
1000000181,7.666666666666667,8,103.0,7.666666666666667,0.0,103.0,103.0,Radiology,Northeast
1000000182,8.366666666666667,8,25.0,8.366666666666667,0.0,25.0,25.0,Cardiology,South
1000000183,13.133333333333333,8,97.0,13.133333333333333,0.0,97.0,97.0,Pediatrics,West
1000000156,10.883333333333333,8,5.0,10.883333333333333,0.0,5.0,5.0,Pediatrics,South
1000000184,12.0,8,80.0,12.0,0.0,80.0,80.0,Orthopedics,Northeast
1000000155,14.4,8,78.0,14.4,0.0,78.0,78.0,Radiology,West
1000000153,18.133333333333333,8,31.0,18.133333333333333,0.0,31.0,31.0,General Practice,West
1000000126,18.466666666666665,8,60.0,18.466666666666665,0.0,60.0,60.0,Neurology,Midwest
1000000127,18.3,8,76.0,18.3,0.0,76.0,76.0,Radiology,Northeast
1000000128,7.483333333333333,8,87.0,7.483333333333333,0.0,87.0,87.0,Orthopedics,Midwest
1000000129,18.966666666666665,8,15.0,18.966666666666665,0.0,15.0,15.0,Neurology,South
1000000130,10.0,8,19.0,10.0,0.0,19.0,19.0,Cardiology,South
1000000131,9.0,8,107.0,9.0,0.0,107.0,107.0,Pediatrics,South
1000000132,20.883333333333333,8,113.0,20.883333333333333,0.0,113.0,113.0,Orthopedics,Midwest
1000000133,7.766666666666667,8,30.0,7.766666666666667,0.0,30.0,30.0,Radiology,West
1000000134,7.383333333333334,8,96.0,7.383333333333334,0.0,96.0,96.0,Radiology,South
1000000135,8.85,8,36.0,8.85,0.0,36.0,36.0,Orthopedics,Northeast
1000000136,17.5,8,27.0,17.5,0.0,27.0,27.0,Pediatrics,West
1000000137,8.266666666666667,8,70.0,8.266666666666667,0.0,70.0,70.0,Oncology,South
1000000138,7.25,8,56.0,7.25,0.0,56.0,56.0,Radiology,Midwest
1000000139,8.766666666666667,8,108.0,8.766666666666667,0.0,108.0,108.0,Oncology,South
1000000140,19.333333333333332,8,54.0,19.333333333333332,0.0,54.0,54.0,Neurology,Midwest
1000000141,14.833333333333334,8,9.0,14.833333333333334,0.0,9.0,9.0,General Practice,South
1000000142,7.25,8,65.0,7.25,0.0,65.0,65.0,Oncology,Northeast
1000000143,13.3,8,113.0,13.3,0.0,113.0,113.0,Pediatrics,South
1000000144,7.466666666666667,8,16.0,7.466666666666667,0.0,16.0,16.0,Orthopedics,Northeast
1000000145,20.85,8,89.0,20.85,0.0,89.0,89.0,Orthopedics,Midwest
1000000146,8.966666666666667,8,78.0,8.966666666666667,0.0,78.0,78.0,General Practice,Northeast
1000000147,11.066666666666666,8,74.0,11.066666666666666,0.0,74.0,74.0,Radiology,West
1000000148,20.833333333333332,8,52.0,20.833333333333332,0.0,52.0,52.0,Neurology,South
1000000149,17.0,8,77.0,17.0,0.0,77.0,77.0,Orthopedics,Northeast
1000000150,18.366666666666667,8,104.0,18.366666666666667,0.0,104.0,104.0,Oncology,Midwest
1000000151,7.15,8,34.0,7.15,0.0,34.0,34.0,General Practice,Northeast
1000000152,11.933333333333334,8,62.0,11.933333333333334,0.0,62.0,62.0,Orthopedics,Northeast
1000000154,8.983333333333333,8,99.0,8.983333333333333,0.0,99.0,99.0,Pediatrics,South
1000000185,12.583333333333334,8,24.0,12.583333333333334,0.0,24.0,24.0,Pediatrics,Midwest
1000000186,9.733333333333333,8,103.0,9.733333333333333,0.0,103.0,103.0,Oncology,Midwest
1000000187,12.516666666666667,8,114.0,12.516666666666667,0.0,114.0,114.0,Oncology,Midwest
1000000220,12.933333333333334,8,62.0,12.933333333333334,0.0,62.0,62.0,Orthopedics,West
1000000221,16.433333333333334,8,57.0,16.433333333333334,0.0,57.0,57.0,General Practice,West
1000000222,16.933333333333334,8,60.0,16.933333333333334,0.0,60.0,60.0,Cardiology,Midwest
1000000223,8.816666666666666,8,57.0,8.816666666666666,0.0,57.0,57.0,Orthopedics,West
1000000224,7.316666666666666,8,103.0,7.316666666666666,0.0,103.0,103.0,Pediatrics,West
1000000225,12.883333333333333,8,94.0,12.883333333333333,0.0,94.0,94.0,Pediatrics,Northeast
1000000226,15.816666666666666,8,93.0,15.816666666666666,0.0,93.0,93.0,Neurology,Midwest
1000000227,9.1,8,115.0,9.1,0.0,115.0,115.0,Orthopedics,West
1000000228,10.983333333333333,8,48.0,10.983333333333333,0.0,48.0,48.0,Pediatrics,Northeast
1000000229,6.383333333333334,8,70.0,6.383333333333334,0.0,70.0,70.0,Pediatrics,Midwest
1000000230,6.75,8,93.0,6.75,0.0,93.0,93.0,Cardiology,South
1000000231,14.616666666666667,8,92.0,14.616666666666667,0.0,92.0,92.0,Radiology,Midwest
1000000232,9.85,8,7.0,9.85,0.0,7.0,7.0,Cardiology,Midwest
1000000233,10.9,8,48.0,10.9,0.0,48.0,48.0,General Practice,South
1000000234,9.033333333333333,8,17.0,9.033333333333333,0.0,17.0,17.0,Pediatrics,Midwest
1000000235,20.666666666666668,8,19.0,20.666666666666668,0.0,19.0,19.0,Cardiology,West
1000000236,18.183333333333334,8,40.0,18.183333333333334,0.0,40.0,40.0,Neurology,Midwest
1000000237,15.633333333333333,8,118.0,15.633333333333333,0.0,118.0,118.0,Orthopedics,West
1000000238,8.0,8,81.0,8.0,0.0,81.0,81.0,Cardiology,West
1000000239,10.55,8,36.0,10.55,0.0,36.0,36.0,Cardiology,Midwest
1000000240,19.45,8,30.0,19.45,0.0,30.0,30.0,Cardiology,Northeast
1000000241,16.516666666666666,8,83.0,16.516666666666666,0.0,83.0,83.0,General Practice,Northeast
1000000242,20.3,8,37.0,20.3,0.0,37.0,37.0,Orthopedics,Midwest
1000000243,7.583333333333333,8,90.0,7.583333333333333,0.0,90.0,90.0,Cardiology,West
1000000244,12.266666666666667,8,75.0,12.266666666666667,0.0,75.0,75.0,Cardiology,Northeast
1000000245,15.883333333333333,8,35.0,15.883333333333333,0.0,35.0,35.0,Neurology,Midwest
1000000246,17.366666666666667,8,9.0,17.366666666666667,0.0,9.0,9.0,Oncology,Midwest
1000000219,19.316666666666666,8,55.0,19.316666666666666,0.0,55.0,55.0,Cardiology,Midwest
1000000218,12.816666666666666,8,26.0,12.816666666666666,0.0,26.0,26.0,Neurology,West
1000000217,20.566666666666666,8,39.0,20.566666666666666,0.0,39.0,39.0,Pediatrics,South
1000000216,6.466666666666667,8,74.0,6.466666666666667,0.0,74.0,74.0,Neurology,South
1000000188,8.8,8,73.0,8.8,0.0,73.0,73.0,Oncology,Midwest
1000000189,12.466666666666667,8,102.0,12.466666666666667,0.0,102.0,102.0,General Practice,Northeast
1000000190,18.866666666666667,8,103.0,18.866666666666667,0.0,103.0,103.0,General Practice,West
1000000191,18.733333333333334,8,118.0,18.733333333333334,0.0,118.0,118.0,General Practice,West
1000000192,13.133333333333333,8,41.0,13.133333333333333,0.0,41.0,41.0,Orthopedics,Northeast
1000000193,13.1,8,86.0,13.1,0.0,86.0,86.0,Orthopedics,Midwest
1000000194,8.866666666666667,8,110.0,8.866666666666667,0.0,110.0,110.0,Pediatrics,West
1000000195,8.716666666666667,8,78.0,8.716666666666667,0.0,78.0,78.0,Pediatrics,South
1000000196,17.433333333333334,8,74.0,17.433333333333334,0.0,74.0,74.0,General Practice,South
1000000197,9.766666666666667,8,83.0,9.766666666666667,0.0,83.0,83.0,General Practice,Northeast
1000000198,20.65,8,74.0,20.65,0.0,74.0,74.0,Pediatrics,Midwest
1000000199,15.8,8,59.0,15.8,0.0,59.0,59.0,Cardiology,West
1000000200,6.783333333333333,8,51.0,6.783333333333333,0.0,51.0,51.0,Oncology,West
1000000125,9.416666666666666,8,105.0,9.416666666666666,0.0,105.0,105.0,Orthopedics,South
1000000201,15.566666666666666,8,44.0,15.566666666666666,0.0,44.0,44.0,Neurology,South
1000000203,11.133333333333333,8,80.0,11.133333333333333,0.0,80.0,80.0,Pediatrics,Northeast
1000000204,13.7,8,7.0,13.7,0.0,7.0,7.0,General Practice,Northeast
1000000205,14.9,8,94.0,14.9,0.0,94.0,94.0,Cardiology,South
1000000206,18.266666666666666,8,55.0,18.266666666666666,0.0,55.0,55.0,Orthopedics,Northeast
1000000207,14.933333333333334,8,22.0,14.933333333333334,0.0,22.0,22.0,Orthopedics,South
1000000208,15.55,8,106.0,15.55,0.0,106.0,106.0,General Practice,Northeast
1000000209,7.033333333333333,8,19.0,7.033333333333333,0.0,19.0,19.0,Neurology,South
1000000210,11.566666666666666,8,93.0,11.566666666666666,0.0,93.0,93.0,Orthopedics,West
1000000211,11.2,8,114.0,11.2,0.0,114.0,114.0,Oncology,South
1000000212,17.933333333333334,8,101.0,17.933333333333334,0.0,101.0,101.0,General Practice,South
1000000213,17.05,8,111.0,17.05,0.0,111.0,111.0,Radiology,Northeast
1000000214,8.05,8,93.0,8.05,0.0,93.0,93.0,Cardiology,Midwest
1000000215,16.933333333333334,8,43.0,16.933333333333334,0.0,43.0,43.0,Cardiology,Northeast
1000000202,17.933333333333334,8,117.0,17.933333333333334,0.0,117.0,117.0,Oncology,Northeast
1000000247,12.466666666666667,8,73.0,12.466666666666667,0.0,73.0,73.0,Oncology,Midwest
1000000124,9.716666666666667,8,12.0,9.716666666666667,0.0,12.0,12.0,Radiology,West
1000000122,12.233333333333333,8,100.0,12.233333333333333,0.0,100.0,100.0,Oncology,Midwest
1000000032,13.35,8,94.0,13.35,0.0,94.0,94.0,Oncology,South
1000000033,9.866666666666667,8,73.0,9.866666666666667,0.0,73.0,73.0,Neurology,Midwest
1000000034,14.65,8,55.0,14.65,0.0,55.0,55.0,Pediatrics,Northeast
1000000035,18.716666666666665,8,118.0,18.716666666666665,0.0,118.0,118.0,Orthopedics,Northeast
1000000036,19.583333333333332,8,93.0,19.583333333333332,0.0,93.0,93.0,Cardiology,West
1000000037,13.683333333333334,8,105.0,13.683333333333334,0.0,105.0,105.0,Neurology,Midwest
1000000038,16.65,8,93.0,16.65,0.0,93.0,93.0,Pediatrics,West
1000000039,8.683333333333334,8,62.0,8.683333333333334,0.0,62.0,62.0,Orthopedics,South
1000000040,14.7,8,12.0,14.7,0.0,12.0,12.0,Radiology,South
1000000041,15.233333333333333,8,48.0,15.233333333333333,0.0,48.0,48.0,Radiology,Northeast
1000000042,6.533333333333333,8,11.0,6.533333333333333,0.0,11.0,11.0,Oncology,West
1000000043,10.233333333333333,8,40.0,10.233333333333333,0.0,40.0,40.0,General Practice,West
1000000044,10.033333333333333,8,48.0,10.033333333333333,0.0,48.0,48.0,Pediatrics,South
1000000045,10.3,8,23.0,10.3,0.0,23.0,23.0,General Practice,South
1000000046,8.566666666666666,8,27.0,8.566666666666666,0.0,27.0,27.0,Pediatrics,Northeast
1000000047,9.083333333333334,8,61.0,9.083333333333334,0.0,61.0,61.0,Radiology,Northeast
1000000048,20.0,8,37.0,20.0,0.0,37.0,37.0,Radiology,South
1000000049,17.716666666666665,8,95.0,17.716666666666665,0.0,95.0,95.0,Radiology,West
1000000050,7.766666666666667,8,31.0,7.766666666666667,0.0,31.0,31.0,Cardiology,South
1000000051,19.983333333333334,8,94.0,19.983333333333334,0.0,94.0,94.0,Oncology,West
1000000052,9.8,8,34.0,9.8,0.0,34.0,34.0,Pediatrics,Northeast
1000000053,20.566666666666666,8,99.0,20.566666666666666,0.0,99.0,99.0,Cardiology,West
1000000054,19.6,8,112.0,19.6,0.0,112.0,112.0,Cardiology,Northeast
1000000055,12.9,8,104.0,12.9,0.0,104.0,104.0,Oncology,Midwest
1000000056,10.85,8,95.0,10.85,0.0,95.0,95.0,Pediatrics,Midwest
1000000057,9.75,8,82.0,9.75,0.0,82.0,82.0,Pediatrics,Midwest
1000000058,19.6,8,27.0,19.6,0.0,27.0,27.0,Radiology,Midwest
1000000031,20.166666666666668,8,112.0,20.166666666666668,0.0,112.0,112.0,Oncology,South
1000000059,9.566666666666666,8,77.0,9.566666666666666,0.0,77.0,77.0,Pediatrics,Northeast
1000000030,13.966666666666667,8,28.0,13.966666666666667,0.0,28.0,28.0,Cardiology,Midwest
1000000028,15.9,8,13.0,15.9,0.0,13.0,13.0,General Practice,West
1000000001,12.466666666666667,8,42.0,12.466666666666667,0.0,42.0,42.0,Oncology,Midwest
1000000002,15.183333333333334,8,26.0,15.183333333333334,0.0,26.0,26.0,Oncology,West
1000000003,14.283333333333333,8,79.0,14.283333333333333,0.0,79.0,79.0,Orthopedics,Northeast
1000000004,15.983333333333333,8,98.0,15.983333333333333,0.0,98.0,98.0,Oncology,West
1000000005,11.683333333333334,8,116.0,11.683333333333334,0.0,116.0,116.0,Orthopedics,Midwest
1000000006,11.55,8,47.0,11.55,0.0,47.0,47.0,Cardiology,Midwest
1000000007,16.616666666666667,8,98.0,16.616666666666667,0.0,98.0,98.0,General Practice,West
1000000008,18.9,8,28.0,18.9,0.0,28.0,28.0,Pediatrics,Northeast
1000000009,13.7,8,19.0,13.7,0.0,19.0,19.0,Neurology,West
1000000010,15.083333333333334,8,16.0,15.083333333333334,0.0,16.0,16.0,Orthopedics,South
1000000011,12.366666666666667,8,96.0,12.366666666666667,0.0,96.0,96.0,General Practice,Midwest
1000000012,14.516666666666667,8,75.0,14.516666666666667,0.0,75.0,75.0,Orthopedics,Midwest
1000000013,12.35,8,45.0,12.35,0.0,45.0,45.0,Oncology,West
1000000014,13.083333333333334,8,20.0,13.083333333333334,0.0,20.0,20.0,Radiology,South
1000000015,11.433333333333334,8,111.0,11.433333333333334,0.0,111.0,111.0,General Practice,West
1000000016,11.333333333333334,8,93.0,11.333333333333334,0.0,93.0,93.0,Cardiology,Midwest
1000000017,20.166666666666668,8,81.0,20.166666666666668,0.0,81.0,81.0,Radiology,Northeast
1000000018,12.383333333333333,8,6.0,12.383333333333333,0.0,6.0,6.0,General Practice,Midwest
1000000019,12.566666666666666,8,55.0,12.566666666666666,0.0,55.0,55.0,Orthopedics,West
1000000020,14.35,8,12.0,14.35,0.0,12.0,12.0,Cardiology,South
1000000021,19.1,8,11.0,19.1,0.0,11.0,11.0,Neurology,West
1000000022,13.566666666666666,8,108.0,13.566666666666666,0.0,108.0,108.0,Oncology,Northeast
1000000023,6.916666666666667,8,118.0,6.916666666666667,0.0,118.0,118.0,Oncology,Midwest
1000000024,19.133333333333333,8,76.0,19.133333333333333,0.0,76.0,76.0,Radiology,West
1000000025,11.083333333333334,8,36.0,11.083333333333334,0.0,36.0,36.0,Neurology,Northeast
1000000026,16.2,8,17.0,16.2,0.0,17.0,17.0,General Practice,West
1000000027,10.65,8,91.0,10.65,0.0,91.0,91.0,Neurology,Northeast
1000000029,6.083333333333333,8,109.0,6.083333333333333,0.0,109.0,109.0,Cardiology,South
1000000060,17.85,8,101.0,17.85,0.0,101.0,101.0,Orthopedics,South
1000000061,19.7,8,104.0,19.7,0.0,104.0,104.0,General Practice,Midwest
1000000062,7.766666666666667,8,120.0,7.766666666666667,0.0,120.0,120.0,Neurology,South
1000000095,20.2,8,8.0,20.2,0.0,8.0,8.0,Orthopedics,West
1000000096,18.916666666666668,8,69.0,18.916666666666668,0.0,69.0,69.0,Neurology,West
1000000097,19.466666666666665,8,80.0,19.466666666666665,0.0,80.0,80.0,Neurology,West
1000000098,13.3,8,49.0,13.3,0.0,49.0,49.0,Oncology,West
1000000099,7.716666666666667,8,21.0,7.716666666666667,0.0,21.0,21.0,Cardiology,Midwest
1000000100,18.116666666666667,8,112.0,18.116666666666667,0.0,112.0,112.0,Oncology,South
1000000101,9.05,8,47.0,9.05,0.0,47.0,47.0,General Practice,West
1000000102,15.05,8,114.0,15.05,0.0,114.0,114.0,Orthopedics,Midwest
1000000103,10.95,8,104.0,10.95,0.0,104.0,104.0,General Practice,Midwest
1000000104,15.7,8,56.0,15.7,0.0,56.0,56.0,Cardiology,West
1000000105,12.75,8,27.0,12.75,0.0,27.0,27.0,Orthopedics,West
1000000106,9.866666666666667,8,60.0,9.866666666666667,0.0,60.0,60.0,Oncology,West
1000000107,11.716666666666667,8,116.0,11.716666666666667,0.0,116.0,116.0,Orthopedics,South
1000000108,15.183333333333334,8,16.0,15.183333333333334,0.0,16.0,16.0,Radiology,West
1000000109,13.733333333333333,8,103.0,13.733333333333333,0.0,103.0,103.0,Pediatrics,Midwest
1000000110,16.0,8,107.0,16.0,0.0,107.0,107.0,Radiology,Northeast
1000000111,7.316666666666666,8,15.0,7.316666666666666,0.0,15.0,15.0,Radiology,Midwest
1000000112,7.95,8,32.0,7.95,0.0,32.0,32.0,Oncology,West
1000000113,19.05,8,43.0,19.05,0.0,43.0,43.0,Oncology,Midwest
1000000114,19.0,8,52.0,19.0,0.0,52.0,52.0,Pediatrics,Midwest
1000000115,6.95,8,104.0,6.95,0.0,104.0,104.0,Neurology,South
1000000116,12.8,8,47.0,12.8,0.0,47.0,47.0,General Practice,Midwest
1000000117,20.7,8,94.0,20.7,0.0,94.0,94.0,Radiology,Midwest
1000000118,9.233333333333333,8,31.0,9.233333333333333,0.0,31.0,31.0,General Practice,Northeast
1000000119,9.716666666666667,8,90.0,9.716666666666667,0.0,90.0,90.0,Oncology,Northeast
1000000120,10.683333333333334,8,107.0,10.683333333333334,0.0,107.0,107.0,Orthopedics,South
1000000121,17.6,8,87.0,17.6,0.0,87.0,87.0,Neurology,South
1000000094,9.516666666666667,8,35.0,9.516666666666667,0.0,35.0,35.0,Radiology,South
1000000093,6.133333333333334,8,17.0,6.133333333333334,0.0,17.0,17.0,Radiology,West
1000000092,14.083333333333334,8,106.0,14.083333333333334,0.0,106.0,106.0,Pediatrics,Midwest
1000000091,15.466666666666667,8,41.0,15.466666666666667,0.0,41.0,41.0,Neurology,Midwest
1000000063,12.45,8,45.0,12.45,0.0,45.0,45.0,Neurology,Midwest
1000000064,17.083333333333332,8,25.0,17.083333333333332,0.0,25.0,25.0,Radiology,West
1000000065,12.166666666666666,8,45.0,12.166666666666666,0.0,45.0,45.0,Oncology,Northeast
1000000066,20.733333333333334,8,109.0,20.733333333333334,0.0,109.0,109.0,General Practice,Midwest
1000000067,9.05,8,25.0,9.05,0.0,25.0,25.0,Orthopedics,Northeast
1000000068,12.033333333333333,8,41.0,12.033333333333333,0.0,41.0,41.0,Oncology,Midwest
1000000069,19.116666666666667,8,8.0,19.116666666666667,0.0,8.0,8.0,Pediatrics,South
1000000070,13.483333333333333,8,119.0,13.483333333333333,0.0,119.0,119.0,Orthopedics,Midwest
1000000071,8.4,8,42.0,8.4,0.0,42.0,42.0,Cardiology,South
1000000072,20.35,8,10.0,20.35,0.0,10.0,10.0,Orthopedics,Northeast
1000000073,6.816666666666666,8,60.0,6.816666666666666,0.0,60.0,60.0,Orthopedics,Midwest
1000000074,6.333333333333333,8,62.0,6.333333333333333,0.0,62.0,62.0,Oncology,Midwest
1000000075,6.45,8,18.0,6.45,0.0,18.0,18.0,Neurology,Northeast
1000000123,6.25,8,37.0,6.25,0.0,37.0,37.0,Cardiology,Northeast
1000000076,10.133333333333333,8,41.0,10.133333333333333,0.0,41.0,41.0,Neurology,Northeast
1000000078,18.35,8,36.0,18.35,0.0,36.0,36.0,Oncology,Northeast
1000000079,14.016666666666667,8,7.0,14.016666666666667,0.0,7.0,7.0,Cardiology,Northeast
1000000080,19.15,8,46.0,19.15,0.0,46.0,46.0,Orthopedics,South
1000000081,9.016666666666667,8,97.0,9.016666666666667,0.0,97.0,97.0,Pediatrics,Northeast
1000000082,17.733333333333334,8,9.0,17.733333333333334,0.0,9.0,9.0,Neurology,South
1000000083,15.066666666666666,8,18.0,15.066666666666666,0.0,18.0,18.0,General Practice,Northeast
1000000084,12.116666666666667,8,65.0,12.116666666666667,0.0,65.0,65.0,Orthopedics,South
1000000085,14.066666666666666,8,114.0,14.066666666666666,0.0,114.0,114.0,Cardiology,West
1000000086,13.433333333333334,8,84.0,13.433333333333334,0.0,84.0,84.0,General Practice,West
1000000087,7.083333333333333,8,72.0,7.083333333333333,0.0,72.0,72.0,Neurology,Midwest
1000000088,16.116666666666667,8,9.0,16.116666666666667,0.0,9.0,9.0,Oncology,South
1000000089,16.35,8,86.0,16.35,0.0,86.0,86.0,Orthopedics,South
1000000090,6.883333333333333,8,92.0,6.883333333333333,0.0,92.0,92.0,Orthopedics,South
1000000077,14.333333333333334,8,112.0,14.333333333333334,0.0,112.0,112.0,Neurology,Midwest
1000000248,17.65,8,71.0,17.65,0.0,71.0,71.0,Cardiology,West
1000000249,14.816666666666666,8,72.0,14.816666666666666,0.0,72.0,72.0,Pediatrics,South
1000000250,7.083333333333333,8,21.0,7.083333333333333,0.0,21.0,21.0,General Practice,South
1000000408,11.083333333333334,8,49.0,11.083333333333334,0.0,49.0,49.0,Pediatrics,Northeast
1000000409,15.616666666666667,8,75.0,15.616666666666667,0.0,75.0,75.0,Neurology,South
1000000410,9.733333333333333,8,46.0,9.733333333333333,0.0,46.0,46.0,Radiology,Midwest
1000000411,17.416666666666668,8,92.0,17.416666666666668,0.0,92.0,92.0,Cardiology,Midwest
1000000412,15.483333333333333,8,74.0,15.483333333333333,0.0,74.0,74.0,Orthopedics,Northeast
1000000413,9.266666666666667,8,10.0,9.266666666666667,0.0,10.0,10.0,Pediatrics,South
1000000414,14.95,8,83.0,14.95,0.0,83.0,83.0,Orthopedics,South
1000000415,6.733333333333333,8,9.0,6.733333333333333,0.0,9.0,9.0,Pediatrics,West
1000000416,8.65,8,83.0,8.65,0.0,83.0,83.0,Oncology,Midwest
1000000417,11.2,8,59.0,11.2,0.0,59.0,59.0,Radiology,South
1000000418,19.55,8,57.0,19.55,0.0,57.0,57.0,Cardiology,Northeast
1000000419,20.916666666666668,8,72.0,20.916666666666668,0.0,72.0,72.0,Orthopedics,Northeast
1000000420,9.883333333333333,8,109.0,9.883333333333333,0.0,109.0,109.0,Orthopedics,West
1000000421,13.85,8,77.0,13.85,0.0,77.0,77.0,Oncology,South
1000000422,18.75,8,23.0,18.75,0.0,23.0,23.0,Oncology,South
1000000423,11.083333333333334,8,91.0,11.083333333333334,0.0,91.0,91.0,Pediatrics,Northeast
1000000424,6.1,8,105.0,6.1,0.0,105.0,105.0,Oncology,Midwest
1000000425,11.633333333333333,8,22.0,11.633333333333333,0.0,22.0,22.0,Oncology,West
1000000426,12.333333333333334,8,82.0,12.333333333333334,0.0,82.0,82.0,Cardiology,West
1000000427,20.9,8,56.0,20.9,0.0,56.0,56.0,Radiology,Midwest
1000000428,10.3,8,6.0,10.3,0.0,6.0,6.0,General Practice,Northeast
1000000429,9.916666666666666,8,5.0,9.916666666666666,0.0,5.0,5.0,Orthopedics,Northeast
1000000430,8.533333333333333,8,116.0,8.533333333333333,0.0,116.0,116.0,Neurology,Northeast
1000000431,6.883333333333333,8,111.0,6.883333333333333,0.0,111.0,111.0,Neurology,West
1000000432,20.616666666666667,8,26.0,20.616666666666667,0.0,26.0,26.0,Oncology,Midwest
1000000433,7.05,8,97.0,7.05,0.0,97.0,97.0,Orthopedics,South
1000000434,7.466666666666667,8,50.0,7.466666666666667,0.0,50.0,50.0,Orthopedics,Northeast
1000000407,15.333333333333334,8,67.0,15.333333333333334,0.0,67.0,67.0,Radiology,Midwest
1000000435,17.25,8,8.0,17.25,0.0,8.0,8.0,Orthopedics,South
1000000406,17.516666666666666,8,7.0,17.516666666666666,0.0,7.0,7.0,Oncology,Northeast
1000000404,19.7,8,79.0,19.7,0.0,79.0,79.0,Radiology,Midwest
1000000377,6.6,8,116.0,6.6,0.0,116.0,116.0,Cardiology,Midwest
1000000378,9.866666666666667,8,57.0,9.866666666666667,0.0,57.0,57.0,Radiology,Midwest
1000000379,19.35,8,104.0,19.35,0.0,104.0,104.0,Cardiology,West
1000000380,15.566666666666666,8,91.0,15.566666666666666,0.0,91.0,91.0,Neurology,South
1000000381,20.233333333333334,8,118.0,20.233333333333334,0.0,118.0,118.0,Cardiology,Midwest
1000000382,12.083333333333334,8,107.0,12.083333333333334,0.0,107.0,107.0,Radiology,West
1000000383,12.466666666666667,8,45.0,12.466666666666667,0.0,45.0,45.0,Cardiology,Northeast
1000000384,20.116666666666667,8,82.0,20.116666666666667,0.0,82.0,82.0,Radiology,Northeast
1000000385,11.583333333333334,8,99.0,11.583333333333334,0.0,99.0,99.0,Cardiology,Midwest
1000000386,18.1,8,107.0,18.1,0.0,107.0,107.0,General Practice,West
1000000387,13.35,8,92.0,13.35,0.0,92.0,92.0,Neurology,Midwest
1000000388,20.833333333333332,8,60.0,20.833333333333332,0.0,60.0,60.0,Oncology,Northeast
1000000389,12.983333333333333,8,31.0,12.983333333333333,0.0,31.0,31.0,Neurology,Midwest
1000000390,17.066666666666666,8,97.0,17.066666666666666,0.0,97.0,97.0,Orthopedics,Midwest
1000000391,11.566666666666666,8,102.0,11.566666666666666,0.0,102.0,102.0,Oncology,Northeast
1000000392,7.25,8,118.0,7.25,0.0,118.0,118.0,Pediatrics,Midwest
1000000393,15.166666666666666,8,108.0,15.166666666666666,0.0,108.0,108.0,Pediatrics,South
1000000394,11.516666666666667,8,18.0,11.516666666666667,0.0,18.0,18.0,Radiology,Midwest
1000000395,17.116666666666667,8,101.0,17.116666666666667,0.0,101.0,101.0,Cardiology,West
1000000396,8.616666666666667,8,46.0,8.616666666666667,0.0,46.0,46.0,Pediatrics,South
1000000397,15.65,8,84.0,15.65,0.0,84.0,84.0,Radiology,West
1000000398,9.633333333333333,8,31.0,9.633333333333333,0.0,31.0,31.0,Radiology,West
1000000399,9.783333333333333,8,31.0,9.783333333333333,0.0,31.0,31.0,General Practice,South
1000000400,20.9,8,40.0,20.9,0.0,40.0,40.0,Orthopedics,Northeast
1000000401,10.466666666666667,8,70.0,10.466666666666667,0.0,70.0,70.0,General Practice,South
1000000402,17.833333333333332,8,97.0,17.833333333333332,0.0,97.0,97.0,Radiology,Northeast
1000000403,13.133333333333333,8,104.0,13.133333333333333,0.0,104.0,104.0,Radiology,South
1000000405,18.683333333333334,8,119.0,18.683333333333334,0.0,119.0,119.0,General Practice,Midwest
1000000436,8.033333333333333,8,52.0,8.033333333333333,0.0,52.0,52.0,General Practice,Northeast
1000000437,16.066666666666666,8,74.0,16.066666666666666,0.0,74.0,74.0,General Practice,South
1000000438,12.5,8,73.0,12.5,0.0,73.0,73.0,General Practice,South
1000000471,16.366666666666667,8,111.0,16.366666666666667,0.0,111.0,111.0,Oncology,Midwest
1000000472,20.05,8,45.0,20.05,0.0,45.0,45.0,General Practice,South
1000000473,8.05,8,94.0,8.05,0.0,94.0,94.0,Neurology,Midwest
1000000474,6.2,8,35.0,6.2,0.0,35.0,35.0,Oncology,Northeast
1000000475,18.633333333333333,8,113.0,18.633333333333333,0.0,113.0,113.0,Pediatrics,Midwest
1000000476,10.966666666666667,8,83.0,10.966666666666667,0.0,83.0,83.0,General Practice,Midwest
1000000477,6.733333333333333,8,115.0,6.733333333333333,0.0,115.0,115.0,Oncology,Midwest
1000000478,17.05,8,112.0,17.05,0.0,112.0,112.0,Orthopedics,Northeast
1000000479,11.65,8,9.0,11.65,0.0,9.0,9.0,Neurology,West
1000000480,11.15,8,86.0,11.15,0.0,86.0,86.0,General Practice,West
1000000481,8.533333333333333,8,38.0,8.533333333333333,0.0,38.0,38.0,Orthopedics,Northeast
1000000482,13.783333333333333,8,56.0,13.783333333333333,0.0,56.0,56.0,Cardiology,South
1000000483,13.666666666666666,8,28.0,13.666666666666666,0.0,28.0,28.0,Pediatrics,Midwest
1000000484,15.8,8,53.0,15.8,0.0,53.0,53.0,Radiology,South
1000000485,17.466666666666665,8,5.0,17.466666666666665,0.0,5.0,5.0,Cardiology,Northeast
1000000486,10.533333333333333,8,22.0,10.533333333333333,0.0,22.0,22.0,Cardiology,West
1000000487,7.883333333333333,8,114.0,7.883333333333333,0.0,114.0,114.0,General Practice,Northeast
1000000488,11.15,8,13.0,11.15,0.0,13.0,13.0,Pediatrics,Northeast
1000000489,14.233333333333333,8,37.0,14.233333333333333,0.0,37.0,37.0,Neurology,South
1000000490,12.5,8,19.0,12.5,0.0,19.0,19.0,Oncology,West
1000000491,15.55,8,11.0,15.55,0.0,11.0,11.0,General Practice,South
1000000492,18.933333333333334,8,96.0,18.933333333333334,0.0,96.0,96.0,Cardiology,West
1000000493,13.933333333333334,8,5.0,13.933333333333334,0.0,5.0,5.0,Orthopedics,Northeast
1000000494,14.866666666666667,8,117.0,14.866666666666667,0.0,117.0,117.0,Neurology,West
1000000495,13.466666666666667,8,62.0,13.466666666666667,0.0,62.0,62.0,General Practice,South
1000000496,11.583333333333334,8,15.0,11.583333333333334,0.0,15.0,15.0,Neurology,Northeast
1000000497,8.0,8,22.0,8.0,0.0,22.0,22.0,General Practice,Midwest
1000000470,6.183333333333334,8,107.0,6.183333333333334,0.0,107.0,107.0,Cardiology,Midwest
1000000469,10.816666666666666,8,113.0,10.816666666666666,0.0,113.0,113.0,Pediatrics,Northeast
1000000468,9.6,8,88.0,9.6,0.0,88.0,88.0,Pediatrics,West
1000000467,10.65,8,110.0,10.65,0.0,110.0,110.0,Pediatrics,Northeast
1000000439,13.533333333333333,8,49.0,13.533333333333333,0.0,49.0,49.0,General Practice,West
1000000440,7.333333333333333,8,55.0,7.333333333333333,0.0,55.0,55.0,Cardiology,South
1000000441,13.333333333333334,8,116.0,13.333333333333334,0.0,116.0,116.0,Pediatrics,South
1000000442,11.6,8,11.0,11.6,0.0,11.0,11.0,Pediatrics,Midwest
1000000443,12.816666666666666,8,30.0,12.816666666666666,0.0,30.0,30.0,Orthopedics,Midwest
1000000444,17.0,8,24.0,17.0,0.0,24.0,24.0,Radiology,South
1000000445,20.1,8,89.0,20.1,0.0,89.0,89.0,Radiology,Northeast
1000000446,17.666666666666668,8,103.0,17.666666666666668,0.0,103.0,103.0,Radiology,South
1000000447,13.85,8,18.0,13.85,0.0,18.0,18.0,General Practice,West
1000000448,13.783333333333333,8,56.0,13.783333333333333,0.0,56.0,56.0,Orthopedics,Midwest
1000000449,10.45,8,94.0,10.45,0.0,94.0,94.0,Cardiology,Northeast
1000000450,15.6,8,7.0,15.6,0.0,7.0,7.0,Orthopedics,South
1000000451,13.433333333333334,8,38.0,13.433333333333334,0.0,38.0,38.0,Oncology,West
1000000376,13.45,8,31.0,13.45,0.0,31.0,31.0,Radiology,South
1000000452,15.883333333333333,8,6.0,15.883333333333333,0.0,6.0,6.0,Oncology,West
1000000454,7.3,8,12.0,7.3,0.0,12.0,12.0,General Practice,South
1000000455,7.366666666666666,8,53.0,7.366666666666666,0.0,53.0,53.0,Cardiology,South
1000000456,11.333333333333334,8,116.0,11.333333333333334,0.0,116.0,116.0,Cardiology,Northeast
1000000457,8.383333333333333,8,60.0,8.383333333333333,0.0,60.0,60.0,General Practice,Midwest
1000000458,8.566666666666666,8,23.0,8.566666666666666,0.0,23.0,23.0,Pediatrics,Northeast
1000000459,19.516666666666666,8,66.0,19.516666666666666,0.0,66.0,66.0,Radiology,South
1000000460,6.233333333333333,8,117.0,6.233333333333333,0.0,117.0,117.0,Orthopedics,Midwest
1000000461,9.833333333333334,8,76.0,9.833333333333334,0.0,76.0,76.0,Orthopedics,Midwest
1000000462,8.466666666666667,8,109.0,8.466666666666667,0.0,109.0,109.0,Pediatrics,Northeast
1000000463,15.716666666666667,8,99.0,15.716666666666667,0.0,99.0,99.0,General Practice,Midwest
1000000464,13.483333333333333,8,110.0,13.483333333333333,0.0,110.0,110.0,Pediatrics,South
1000000465,16.416666666666668,8,97.0,16.416666666666668,0.0,97.0,97.0,Neurology,South
1000000466,13.1,8,95.0,13.1,0.0,95.0,95.0,Radiology,West
1000000453,16.8,8,55.0,16.8,0.0,55.0,55.0,Pediatrics,West
1000000375,16.516666666666666,8,7.0,16.516666666666666,0.0,7.0,7.0,Cardiology,South
1000000374,20.05,8,101.0,20.05,0.0,101.0,101.0,Cardiology,South
1000000373,15.5,8,49.0,15.5,0.0,49.0,49.0,Neurology,Midwest
1000000283,9.033333333333333,8,51.0,9.033333333333333,0.0,51.0,51.0,Orthopedics,Midwest
1000000284,7.133333333333334,8,49.0,7.133333333333334,0.0,49.0,49.0,General Practice,West
1000000285,20.133333333333333,8,40.0,20.133333333333333,0.0,40.0,40.0,Orthopedics,South
1000000286,6.55,8,116.0,6.55,0.0,116.0,116.0,General Practice,Midwest
1000000287,18.383333333333333,8,20.0,18.383333333333333,0.0,20.0,20.0,Radiology,West
1000000288,11.9,8,104.0,11.9,0.0,104.0,104.0,Oncology,South
1000000289,13.616666666666667,8,23.0,13.616666666666667,0.0,23.0,23.0,Neurology,South
1000000290,11.7,8,58.0,11.7,0.0,58.0,58.0,Oncology,Northeast
1000000291,12.466666666666667,8,111.0,12.466666666666667,0.0,111.0,111.0,Oncology,Northeast
1000000292,19.35,8,9.0,19.35,0.0,9.0,9.0,Pediatrics,Midwest
1000000293,16.2,8,93.0,16.2,0.0,93.0,93.0,Neurology,Midwest
1000000294,6.216666666666667,8,49.0,6.216666666666667,0.0,49.0,49.0,Oncology,Northeast
1000000295,6.65,8,13.0,6.65,0.0,13.0,13.0,Oncology,Northeast
1000000296,10.9,8,22.0,10.9,0.0,22.0,22.0,Orthopedics,West
1000000297,13.916666666666666,8,53.0,13.916666666666666,0.0,53.0,53.0,Cardiology,Midwest
1000000298,14.083333333333334,8,66.0,14.083333333333334,0.0,66.0,66.0,Radiology,Midwest
1000000299,12.6,8,12.0,12.6,0.0,12.0,12.0,Oncology,Northeast
1000000300,13.3,8,43.0,13.3,0.0,43.0,43.0,Radiology,Northeast
1000000301,8.766666666666667,8,30.0,8.766666666666667,0.0,30.0,30.0,General Practice,Northeast
1000000302,6.933333333333334,8,72.0,6.933333333333334,0.0,72.0,72.0,Cardiology,Northeast
1000000303,16.833333333333332,8,79.0,16.833333333333332,0.0,79.0,79.0,Neurology,South
1000000304,7.8,8,65.0,7.8,0.0,65.0,65.0,Pediatrics,Midwest
1000000305,20.766666666666666,8,71.0,20.766666666666666,0.0,71.0,71.0,Cardiology,West
1000000306,15.916666666666666,8,37.0,15.916666666666666,0.0,37.0,37.0,Pediatrics,Midwest
1000000307,14.2,8,11.0,14.2,0.0,11.0,11.0,General Practice,Midwest
1000000308,20.216666666666665,8,90.0,20.216666666666665,0.0,90.0,90.0,Neurology,South
1000000309,17.4,8,45.0,17.4,0.0,45.0,45.0,Cardiology,West
1000000282,6.333333333333333,8,72.0,6.333333333333333,0.0,72.0,72.0,Cardiology,Midwest
1000000281,20.3,8,42.0,20.3,0.0,42.0,42.0,Orthopedics,South
1000000280,12.833333333333334,8,51.0,12.833333333333334,0.0,51.0,51.0,Oncology,West
1000000279,13.566666666666666,8,6.0,13.566666666666666,0.0,6.0,6.0,Pediatrics,South
1000000251,20.15,8,103.0,20.15,0.0,103.0,103.0,Neurology,South
1000000252,19.866666666666667,8,47.0,19.866666666666667,0.0,47.0,47.0,Orthopedics,South
1000000253,14.65,8,85.0,14.65,0.0,85.0,85.0,General Practice,Midwest
1000000254,10.416666666666666,8,66.0,10.416666666666666,0.0,66.0,66.0,Neurology,Midwest
1000000255,14.983333333333333,8,62.0,14.983333333333333,0.0,62.0,62.0,Oncology,Midwest
1000000256,17.2,8,105.0,17.2,0.0,105.0,105.0,Cardiology,West
1000000257,15.333333333333334,8,6.0,15.333333333333334,0.0,6.0,6.0,Cardiology,Northeast
1000000258,8.516666666666667,8,56.0,8.516666666666667,0.0,56.0,56.0,Orthopedics,Northeast
1000000259,8.416666666666666,8,102.0,8.416666666666666,0.0,102.0,102.0,Neurology,South
1000000260,15.35,8,44.0,15.35,0.0,44.0,44.0,Oncology,Northeast
1000000261,12.266666666666667,8,69.0,12.266666666666667,0.0,69.0,69.0,General Practice,Northeast
1000000262,7.966666666666667,8,29.0,7.966666666666667,0.0,29.0,29.0,General Practice,South
1000000263,17.866666666666667,8,8.0,17.866666666666667,0.0,8.0,8.0,Oncology,West
1000000310,7.633333333333333,8,18.0,7.633333333333333,0.0,18.0,18.0,Cardiology,South
1000000264,14.633333333333333,8,119.0,14.633333333333333,0.0,119.0,119.0,Radiology,South
1000000266,11.766666666666667,8,98.0,11.766666666666667,0.0,98.0,98.0,Pediatrics,West
1000000267,7.65,8,58.0,7.65,0.0,58.0,58.0,Oncology,Midwest
1000000268,11.816666666666666,8,92.0,11.816666666666666,0.0,92.0,92.0,Pediatrics,South
1000000269,12.9,8,8.0,12.9,0.0,8.0,8.0,Orthopedics,Midwest
1000000270,8.533333333333333,8,89.0,8.533333333333333,0.0,89.0,89.0,General Practice,Midwest
1000000271,16.7,8,69.0,16.7,0.0,69.0,69.0,Neurology,West
1000000272,13.583333333333334,8,97.0,13.583333333333334,0.0,97.0,97.0,Pediatrics,Midwest
1000000273,9.3,8,43.0,9.3,0.0,43.0,43.0,Orthopedics,South
1000000274,16.2,8,65.0,16.2,0.0,65.0,65.0,Radiology,Midwest
1000000275,6.45,8,76.0,6.45,0.0,76.0,76.0,Pediatrics,Northeast
1000000276,9.1,8,92.0,9.1,0.0,92.0,92.0,Radiology,Midwest
1000000277,11.516666666666667,8,106.0,11.516666666666667,0.0,106.0,106.0,Oncology,West
1000000278,18.583333333333332,8,61.0,18.583333333333332,0.0,61.0,61.0,Neurology,West
1000000265,17.366666666666667,8,85.0,17.366666666666667,0.0,85.0,85.0,Neurology,West
1000000998,17.35,8,103.0,17.35,0.0,103.0,103.0,Oncology,Midwest
1000000311,12.933333333333334,8,58.0,12.933333333333334,0.0,58.0,58.0,Cardiology,West
1000000313,6.35,8,39.0,6.35,0.0,39.0,39.0,Pediatrics,Midwest
1000000346,20.283333333333335,8,92.0,20.283333333333335,0.0,92.0,92.0,Cardiology,Northeast
1000000347,7.283333333333333,8,15.0,7.283333333333333,0.0,15.0,15.0,Oncology,South
1000000348,8.066666666666666,8,8.0,8.066666666666666,0.0,8.0,8.0,Pediatrics,Northeast
1000000349,13.683333333333334,8,39.0,13.683333333333334,0.0,39.0,39.0,Neurology,Northeast
1000000350,6.466666666666667,8,28.0,6.466666666666667,0.0,28.0,28.0,Orthopedics,Northeast
1000000351,11.933333333333334,8,16.0,11.933333333333334,0.0,16.0,16.0,Radiology,Northeast
1000000352,9.683333333333334,8,97.0,9.683333333333334,0.0,97.0,97.0,Pediatrics,Midwest
1000000353,8.3,8,58.0,8.3,0.0,58.0,58.0,General Practice,Northeast
1000000354,10.45,8,61.0,10.45,0.0,61.0,61.0,Oncology,South
1000000355,13.216666666666667,8,37.0,13.216666666666667,0.0,37.0,37.0,Pediatrics,Midwest
1000000356,19.183333333333334,8,58.0,19.183333333333334,0.0,58.0,58.0,Radiology,South
1000000357,18.55,8,39.0,18.55,0.0,39.0,39.0,General Practice,Midwest
1000000358,13.166666666666666,8,102.0,13.166666666666666,0.0,102.0,102.0,Neurology,West
1000000359,16.9,8,79.0,16.9,0.0,79.0,79.0,Pediatrics,Midwest
1000000360,10.55,8,42.0,10.55,0.0,42.0,42.0,Oncology,South
1000000361,13.233333333333333,8,100.0,13.233333333333333,0.0,100.0,100.0,General Practice,Northeast
1000000362,16.966666666666665,8,14.0,16.966666666666665,0.0,14.0,14.0,General Practice,Midwest
1000000363,7.316666666666666,8,99.0,7.316666666666666,0.0,99.0,99.0,Pediatrics,Northeast
1000000364,7.283333333333333,8,86.0,7.283333333333333,0.0,86.0,86.0,Radiology,West
1000000365,6.966666666666667,8,118.0,6.966666666666667,0.0,118.0,118.0,Oncology,West
1000000366,7.766666666666667,8,97.0,7.766666666666667,0.0,97.0,97.0,General Practice,Midwest
1000000367,10.133333333333333,8,102.0,10.133333333333333,0.0,102.0,102.0,Orthopedics,Midwest
1000000368,16.816666666666666,8,75.0,16.816666666666666,0.0,75.0,75.0,Orthopedics,South
1000000369,6.983333333333333,8,67.0,6.983333333333333,0.0,67.0,67.0,Oncology,Midwest
1000000370,18.3,8,113.0,18.3,0.0,113.0,113.0,Cardiology,West
1000000371,7.533333333333333,8,21.0,7.533333333333333,0.0,21.0,21.0,Cardiology,West
1000000372,11.383333333333333,8,30.0,11.383333333333333,0.0,30.0,30.0,Neurology,South
1000000345,7.083333333333333,8,81.0,7.083333333333333,0.0,81.0,81.0,General Practice,Midwest
1000000344,13.1,8,38.0,13.1,0.0,38.0,38.0,Radiology,South
1000000343,12.683333333333334,8,67.0,12.683333333333334,0.0,67.0,67.0,Cardiology,Northeast
1000000342,13.8,8,77.0,13.8,0.0,77.0,77.0,Neurology,Midwest
1000000314,16.583333333333332,8,54.0,16.583333333333332,0.0,54.0,54.0,General Practice,Midwest
1000000315,19.1,8,52.0,19.1,0.0,52.0,52.0,Oncology,Northeast
1000000316,18.05,8,60.0,18.05,0.0,60.0,60.0,Oncology,West
1000000317,18.75,8,48.0,18.75,0.0,48.0,48.0,Radiology,South
1000000318,12.35,8,47.0,12.35,0.0,47.0,47.0,Cardiology,Midwest
1000000319,16.333333333333332,8,84.0,16.333333333333332,0.0,84.0,84.0,General Practice,West
1000000320,15.816666666666666,8,22.0,15.816666666666666,0.0,22.0,22.0,Neurology,West
1000000321,17.216666666666665,8,51.0,17.216666666666665,0.0,51.0,51.0,Radiology,Northeast
1000000322,6.083333333333333,8,82.0,6.083333333333333,0.0,82.0,82.0,Orthopedics,Midwest
1000000323,9.0,8,118.0,9.0,0.0,118.0,118.0,Pediatrics,South
1000000324,10.55,8,93.0,10.55,0.0,93.0,93.0,Radiology,West
1000000325,15.25,8,107.0,15.25,0.0,107.0,107.0,Oncology,South
1000000326,14.2,8,74.0,14.2,0.0,74.0,74.0,General Practice,Midwest
1000000312,14.916666666666666,8,75.0,14.916666666666666,0.0,75.0,75.0,Radiology,Midwest
1000000327,15.15,8,24.0,15.15,0.0,24.0,24.0,Cardiology,West
1000000329,10.1,8,113.0,10.1,0.0,113.0,113.0,Neurology,West
1000000330,13.083333333333334,8,76.0,13.083333333333334,0.0,76.0,76.0,Radiology,Midwest
1000000331,9.183333333333334,8,48.0,9.183333333333334,0.0,48.0,48.0,Cardiology,South
1000000332,6.166666666666667,8,91.0,6.166666666666667,0.0,91.0,91.0,General Practice,South
1000000333,8.05,8,87.0,8.05,0.0,87.0,87.0,Cardiology,Northeast
1000000334,8.566666666666666,8,114.0,8.566666666666666,0.0,114.0,114.0,Radiology,South
1000000335,15.266666666666667,8,85.0,15.266666666666667,0.0,85.0,85.0,Neurology,Midwest
1000000336,10.066666666666666,8,56.0,10.066666666666666,0.0,56.0,56.0,Pediatrics,South
1000000337,7.5,8,73.0,7.5,0.0,73.0,73.0,Radiology,West
1000000338,6.733333333333333,8,118.0,6.733333333333333,0.0,118.0,118.0,Cardiology,South
1000000339,17.416666666666668,8,71.0,17.416666666666668,0.0,71.0,71.0,Cardiology,Midwest
1000000340,15.75,8,88.0,15.75,0.0,88.0,88.0,Cardiology,South
1000000341,12.333333333333334,8,119.0,12.333333333333334,0.0,119.0,119.0,Orthopedics,South
1000000328,14.583333333333334,8,48.0,14.583333333333334,0.0,48.0,48.0,Oncology,South
1000000999,14.016666666666667,8,53.0,14.016666666666667,0.0,53.0,53.0,Orthopedics,West
